,1_all_pvalues,1_all_coefs,1_ashkenazim_pvalues,1_ashkenazim_coefs,2_all_pvalues,2_all_coefs,2_ashkenazim_pvalues,2_ashkenazim_coefs
A*02:02,0.0081482273921673,-0.0845923420478348,,,,,,
A*02:03,0.0354901469957795,-0.3996435553562953,0.0059301350404194,-1.239570798725253,,,,
A*02:17,,,,,0.002731708125802,0.3138618420793557,0.0001373349488487,0.5568794367842115
A*03:02,,,,,0.0178961589436583,0.1317858592162508,0.0072824873175443,0.2143421595309512
A*11:01,,,,,0.0369313464304674,0.1187419861249128,,
A*25:01,0.0165598453025494,0.0931076033592752,0.0064202913324505,0.1491181369712636,7.09104941224731e-05,0.3227368051641454,0.0009176639515843,0.3715447728038569
A*29:01,,,,,0.0011720374125947,0.2209374978520258,0.0094165054598646,0.2496138288612578
A*30:01,,,,,0.0090407350156515,0.1698119484696421,0.0374042578248074,0.2000073339828375
A*31:01,0.045338749278874,0.0847151801064221,,,0.0396402469941022,0.1878733633257449,,
A*32:01,0.0294446105160893,0.059159188727112,,,,,,
A*33:03,,,,,,,0.0267270906247432,0.3673755874605695
A*68:01,0.0008745474921741,-0.1227645108333668,,,,,,
A*68:02,0.0081794549697575,-0.0816451767460757,,,,,,
A*74:03,,,,,,,0.00811652780285,1.976255301142198
B*15:01,,,,,,,0.038701112338247,0.326780638960649
B*15:03,,,0.0267563631451777,0.2397392510273173,,,,
B*15:18,0.0398032723311758,0.3220649057833058,0.0027225784253159,0.644143732683309,,,,
B*18:01,0.0458582579813324,-0.0673461224817142,,,,,,
B*27:02,0.0224353447982585,0.1299152684434832,0.0099355155165999,0.2232962909600636,0.0084128170487324,0.3213516501939421,0.0440999107921315,0.3560091701134382
B*27:05,,,,,,,0.018894737978579,0.45571929274646
B*35:02,,,,,,,0.0073210546181988,0.3035638394737684
B*35:08,0.0026387813397597,-0.1037927729513906,,,,,,
B*37:01,0.019225471629242,-0.1296531656497971,0.040786737982503,-0.1717343380887038,,,,
B*38:01,,,0.0338438939009205,0.118821989412789,0.0496258043178469,0.160804567453417,0.0246810135638029,0.2637139128343348
B*38:02,0.0141723845846409,0.4371922240201976,0.0018851999932955,0.9237577577099584,,,,
B*39:06,0.0127607285472088,-0.2472379168570855,,,,,,
B*44:03,0.0067624667876453,0.0906096343944503,0.0048431201757966,0.1458208963314213,0.0236632799291151,0.1682937443882838,0.0067209363220841,0.294845058324623
B*49:01,,,,,,,0.0421232360174557,0.2502257536188884
B*51:06,0.0050759893721929,0.2051902277005576,8.482283718330596e-05,0.462313575598377,,,,
B*51:08,0.0246991476433347,-0.1493021497224876,,,,,0.0213570241901562,-0.5974464937319983
B*58:01,0.0046926867152314,0.1272026209657717,,,0.0059598804339882,0.2714098165440146,0.0121479877028814,0.3524718034303549
B*73:01,,,,,0.0092878543906571,-0.7390136278574009,,
C*02:10,0.0128331515563279,0.2849872992717148,,,0.0330901141268501,0.5213956961240248,,
C*03:02,,,,,,,0.0239518551485816,-0.4364824423437176
C*04:01,,,,,,,0.0292655449665727,-0.1876398364928157
C*04:07,,,0.0338708438089718,0.3231456975296095,,,,
C*05:01,0.0023223853361959,0.1188356898519976,0.0071030147784543,0.1528367930197215,,,,
C*07:01,,,0.0391991347417806,0.0883119308669627,,,,
C*08:02,,,,,0.0410561874102687,0.584062743179837,,
C*15:02,0.0123604573193734,0.1041778787711715,,,0.0474237604529928,0.1849382981164401,,
DQB1*02:01,,,,,0.0102340460361268,-0.1720374554120638,0.0064496720207308,-0.2784906355803555
DQB1*02:02,0.005333517269501,-0.1204556832620505,,,0.0002470675111598,-0.3511635345790634,0.0010056614156511,-0.4411851824139213
DQB1*03:01,0.0403628206810942,0.049846452997009,,,,,,
DQB1*03:04,,,,,0.0442816854868092,0.3268408264720928,,
DRB1*01:02,,,,,0.0127015051444161,0.2711578988270422,,
DRB1*03:01,6.223843457838744e-09,0.2034870268660518,4.876060780521727e-05,0.2293751626439886,6.093310344017206e-08,0.4237050684134804,2.038612094987957e-05,0.502372461250887
DRB1*04:01,0.0271915051443026,0.1089236640135139,0.03448355865842,0.1522524954649783,,,,
DRB1*04:02,0.0004937070953604,0.1309320691192005,,,0.0191088610521649,0.1997030054696576,,
DRB1*04:04,0.0142409212669775,0.1180502421621659,,,,,,
DRB1*04:05,4.719039194803819e-05,0.1724576146077537,,,,,,
DRB1*04:07,0.0464355095652504,0.190114226523313,0.0460920004862665,0.2716603404995621,,,,
DRB1*07:01,0.0005347048518204,0.117274552023064,0.0129609245020346,0.1341974610013099,0.0001865506593344,0.2838492142426112,0.0022972648672093,0.3459821506895541
DRB1*08:03,,,,,,,0.0227655968292767,-1.62472037014021
DRB1*08:04,,,,,0.0127250037067829,-0.4669701233289446,,
DRB1*09:01,0.0430426871629336,0.1529459335303606,,,,,,
DRB1*10:01,0.0024133046687214,0.1507801817436924,,,0.0070974986219473,0.291481826618937,,
DRB1*11:01,3.423752660742771e-07,0.1555736332438185,6.492452471672948e-06,0.2054098497018718,1.844352185719845e-07,0.343250139860641,0.009409460986579,0.2446703096018817
DRB1*11:03,0.0470330898137584,0.1324670557280319,,,,,,
DRB1*11:04,0.0004930337955241,0.101516876295771,0.0019987197330293,0.1353426778939565,0.007819037137164,0.1705284500257109,,
DRB1*12:01,0.0275101488271428,0.0829554305368694,,,,,,
DRB1*13:03,,,0.023992310739239,0.1268385256680195,,,,
DRB1*14:06,,,0.0319160779991175,0.398020450769929,,,,
DRB1*15:03,0.0006517526093199,-0.3961288605173218,,,,,,
count,37.0,37.0,21.0,21.0,26.0,26.0,24.0,24.0
