,all_overweight_pvalues,all_overweight_coefs,ashkenazim_normal_pvalues,ashkenazim_normal_coefs,all_normal_pvalues,all_normal_coefs
A*02:02,,,,,0.0274272233257594,-0.07394142123447
A*02:03,,,0.0041820671600732,-1.545434240582797,0.0129050661298402,-0.5350750064974998
A*24:04,,,0.0464200203323251,0.2112488619556579,,
A*24:07,,,0.033518529601444,-0.279177823406623,,
A*25:01,,,0.0001693492229896,0.2097740725637445,0.0004439550653048,0.1404793206000579
A*29:01,,,,,0.0455829999325349,0.0648999160304122
A*30:01,0.0308683017039429,0.1240656880211149,,,,
A*31:01,,,0.0326572623247685,0.135686279426841,0.0016014825343945,0.1375303612412166
A*32:01,,,0.0379371968337454,0.0893120692692498,0.0344815513223089,0.0602219232110413
A*68:01,,,,,0.0015983661999804,-0.1212530539440862
B*15:03,,,0.0050491027272092,0.3139532711678421,,
B*15:18,0.0480463813425592,0.5682855390874928,0.0290180607589568,0.4942548285028334,,
B*18:01,,,,,0.0171416747941779,-0.0839551203295169
B*27:02,,,0.000424851337812,0.3139748290156525,0.0008468843610476,0.19707395116977
B*27:07,,,0.019125300194051,0.291258815210009,,
B*27:12,0.0434082873307761,-1.043565623008064,,,,
B*35:08,,,,,0.0056164865968561,-0.0995520321737922
B*37:01,,,,,0.0099445900660921,-0.1483919171203429
B*38:01,,,0.0133714003582408,0.143035265806218,,
B*38:02,,,0.0056924036954713,0.8963270714478135,0.0093047843453335,0.5058924879550164
B*42:01,,,,,0.0498975225891424,0.2500509801975718
B*44:03,,,0.0003054510343592,0.1928378231967682,0.0013446492368749,0.1116912041287162
B*44:05,,,0.0466791751853393,0.2460296414696325,,
B*51:06,0.0084442380320191,0.3905486646073221,0.0010886060480711,0.4061517132205298,,
B*51:08,0.0146823933689644,-0.3362240291753347,,,,
B*56:01,0.0416571409734739,-0.3507883990737476,,,,
B*58:01,,,0.029561347180877,0.1498312952420729,0.0003475847958233,0.1661906901479513
B*73:01,,,,,0.010810138935947,-0.3142005540092672
C*01:02,0.0026007122860079,0.2815266863536668,0.0181168820105993,-0.1847618023262434,,
C*02:10,0.0057413033652945,0.5601238302310567,,,,
C*03:03,,,0.0429668815625315,-0.1577617479692096,,
C*05:01,,,0.0481406361884963,0.1155750551582726,0.0118027951903616,0.102576361298042
C*15:02,,,,,0.0124318115540441,0.1088933805360263
DQB1*02:02,,,0.0204002040632677,-0.1525820473890964,2.099304835881313e-05,-0.1937613638162503
DQB1*03:01,0.0111664690267174,0.1207873271980313,,,,
DQB1*06:03,0.0317908028292578,0.1678835703099963,,,,
DQB1*06:04,,,,,0.0122239658090576,0.1543998359053168
DRB1*03:01,0.0068632988470551,0.188266129785109,5.57007883501473e-06,0.266934069821233,4.452426166290805e-12,0.2533411865436649
DRB1*04:01,,,,,0.0057939344247944,0.1409744145878175
DRB1*04:02,0.0464808188624152,0.1474705296751049,,,0.0002719889710765,0.1434309467925528
DRB1*04:04,,,,,0.0077855146122887,0.1338949442126986
DRB1*04:05,,,,,9.77452564611334e-05,0.1743276232482264
DRB1*04:07,,,0.0135062729123815,0.3457078005419933,0.0036494873077812,0.286016089910453
DRB1*07:01,,,0.0025939705927093,0.1691609921472628,4.09631954421027e-06,0.1630403124713506
DRB1*08:04,,,,,0.020644251274213,-0.1753932626021014
DRB1*10:01,,,0.0046786966433087,0.2307072726863348,1.109547215257256e-05,0.2270408373493527
DRB1*11:01,,,4.214674644039594e-07,0.2385392706708843,2.262633050441776e-11,0.2127600332423137
DRB1*11:03,,,,,0.0492083318152229,0.1375458897770472
DRB1*11:04,,,0.0053475565485127,0.1268532849588972,4.77288243899672e-06,0.1393820348778977
DRB1*12:01,,,,,0.006779247654548,0.1060257649405655
DRB1*13:01,0.0405902072338807,-0.1920969574965183,,,,
DRB1*13:03,,,0.0103315338408763,0.1497725966432459,,
DRB1*14:01,0.0190290226658708,-0.2915704339739122,,,,
DRB1*14:04,,,0.0353718539815216,-0.3137724061876018,,
DRB1*15:03,0.0187681390660444,-0.663584810956443,,,0.0163789722529036,-0.2793245769301809
count,15.0,15.0,28.0,28.0,34.0,34.0
