,all_soldiers_normal_coef,all_soldiers_normal_pvalue,all_soldiers_overweight_coef,all_soldiers_overweight_pvalue
A*01:01,-0.03092345915567766,0.5435921905780237,-0.1700224323396039,0.07644821777313421
A*01:03,-0.2366555715810411,0.05618404980235127,-0.388320503671679,0.08319803759172793
A*02:01,-0.1070556744286508,0.03714391699436805,-0.07950988731890828,0.4175999826532162
A*02:02,-0.1479585407062985,0.04089963296366571,-0.07650759182765622,0.5798679903745494
A*02:03,0.08557287265700245,0.8619212585211145,-1.044747549571685,0.1574834670108818
A*02:05,-0.09607179762577078,0.1876039418472231,-0.02114937214768487,0.8804845718435559
A*02:06,0.2755495467650979,0.3152506720236335,1.143288766533186,0.1207579347689723
A*02:17,0.1074523987504786,0.3376375904569693,0.1144463544576435,0.5910800598787784
A*03:01,0.003839223962635075,0.9474017207952157,0.03279534931624695,0.7627453700029426
A*03:02,-0.006194711441180566,0.9132401006600374,-0.05902290395947531,0.5837291014351293
A*11:01,-0.04627214504117628,0.4201518967655966,-0.09827274832039001,0.358644761473948
A*23:01,-0.01054576108211034,0.8700287986974703,-0.1882517104273796,0.1222405929523177
A*24:02,-0.02327083888061571,0.6536017204617073,-0.1566353131455353,0.1086811642982596
A*24:03,0.117741128704447,0.2541894222486009,-0.07352937528821185,0.7141522387109742
A*24:04,-0.1162880350923482,0.4961865483754946,-0.4060528259737035,0.3182385891151513
A*24:07,-0.1282476581864718,0.3450725134809242,-0.217579459721175,0.4259396237121036
A*24:17,-0.1485943332417711,0.2800458958089209,-0.1196722892889051,0.6898641640294993
A*25:01,-0.01563873325735277,0.8557842336701411,-0.1512063919555782,0.3601179604387301
A*26:01,-0.1272165177012495,0.02640446890149342,-0.1906507719651232,0.07894104603337503
A*29:01,-0.03864697972487208,0.5884547342298017,0.1110135803671785,0.4097158036142516
A*29:02,-0.08311773002946098,0.3926655529260017,-0.438881433126089,0.01466331052783806
A*30:01,0.1155301329324576,0.08372185463605339,0.03707305316898162,0.766096591858237
A*30:02,-0.1024908282535283,0.1842288506396167,0.1152959608250399,0.4139667450808874
A*30:04,-0.06817267249003853,0.6080575002362764,-0.2458443545253917,0.3295150839117481
A*31:01,-0.009340443570429914,0.9189471787393617,0.08903846829614867,0.6243370746533896
A*31:08,-0.01491996601961313,0.9148908857613944,0.08485580112777488,0.7199352273228848
A*32:01,-0.02235513329833217,0.7160546796546703,-0.09452169066393312,0.4156404598266529
A*33:01,-0.07071310217213941,0.3142881566085614,-0.1882611415753338,0.1541258224634592
A*33:03,-0.03489176244148558,0.7715114733565321,0.03990190375402906,0.8707136146820268
A*34:02,0.1183781976851903,0.6585748246406358,-0.6484402535550906,0.2148444106630546
A*66:01,-0.04070613530885311,0.6558247175508207,-0.2698209377671936,0.1375949152487145
A*68:01,-0.0905372456115079,0.2690288442971549,-0.2936191455671793,0.05845017202620226
A*68:02,-0.007454712846115958,0.9155716724952313,0.0272176701628475,0.8396751713440193
A*69:01,-0.1034971045394434,0.2867910838315181,-0.5347636215189434,0.003697637250215497
A*74:01,0.3562381689076687,0.1468010178387713,0.1156018470838751,0.8099428142656808
A*74:03,0.2217060927258555,0.6117857186811677,-0.00792435312632436,0.9923309093746198
A*80:01,-0.01938778406583461,0.9522327871801181,-0.3390446976235165,0.5706708185273137
B*07:02,-0.09392324839798039,0.3377430474137995,0.04329114262241062,0.8101031034990489
B*07:05,-0.00877589037357319,0.9644668836317724,-0.3688221807508928,0.3034345505887034
B*08:01,-0.04312249407138638,0.6182687706434806,0.08590571280470664,0.5988150645290053
B*13:01,-0.1216140491854172,0.7263140408775015,0.6711371237921248,0.4958514733779147
B*13:02,-0.09775106727485257,0.2667639899405196,-0.1795691370630511,0.2744572553072095
B*14:01,-0.05852524286620288,0.8547406116763816,1.256302867851442,0.0709663457639131
B*14:02,0.1039801462225607,0.6936504633188826,1.34032642547495,0.02853472499088407
B*15:01,-0.03617515685748979,0.7531664684570449,0.2319408337427004,0.2851151775436305
B*15:03,0.1857053832621639,0.1784027464933939,-0.2181698863598675,0.4118091979325167
B*15:10,0.3021495755234255,0.3941147562268097,-0.368861110604209,0.5556825820333449
B*15:16,0.2062194919412628,0.5291951777008327,0.08034245513783773,0.9021059948390681
B*15:17,0.02014802753137416,0.8303886945442396,-0.1098088278735763,0.5422115502641524
B*15:18,0.502395639453102,0.1537675292474081,0.398280424094386,0.5115750238302607
B*15:24,0.4201647533610312,0.3206087115431904,-0.02632305876959967,0.9646877165437187
B*15:29,0.882721795418139,0.02996647096117214,-0.151897273854566,0.8383579769022154
B*18:01,0.001446124458532658,0.98485629455315,-0.1848577446439675,0.2017445813104209
B*27:02,0.1190267764905512,0.3567894392743226,0.1141822535066724,0.6340064974271789
B*27:05,0.1768668492979543,0.2244926718461938,0.0187818199330322,0.9429075294376441
B*27:07,-0.04375173559819941,0.8098991191336768,0.8286260149335977,0.05026153864836633
B*27:12,-0.3731956424772328,0.4121384622265145,0.9480569855194149,0.4304888826258441
B*35:01,0.01286081577212342,0.8721064411304689,-0.1467119456005308,0.3282606710711297
B*35:02,0.03404657595070834,0.6767962034773225,-0.066366735848878,0.6604252997315818
B*35:03,-0.1369936262244147,0.1841224565444946,-0.04274857974525165,0.8249613275664804
B*35:08,0.0140315122574351,0.8574681453030578,-0.2242312005552178,0.1297412114639171
B*37:01,-5.573197822663799e-05,0.9996425282837161,-0.2134827504739472,0.3593642624221972
B*37:02,-0.01729841737466522,0.9553444764080266,-1.448649487657002,0.02615997519665915
B*38:01,0.1319033518617732,0.1150975917456982,0.02489666308749442,0.8757054323583696
B*38:02,-0.3118394484230846,0.4617533933189624,0.6200104791295546,0.3961958824197699
B*39:01,0.1004241794833582,0.4720650929030172,-0.1601560503087284,0.5752982748832826
B*39:06,-0.0526015409609345,0.8118966595461168,0.3684011604953702,0.3888838895656865
B*39:10,-0.06576250026520226,0.8479556134254022,-0.5073162771187708,0.3996941238151818
B*40:01,0.2482702376006274,0.07077332091947611,-0.006089622818807715,0.981113890364335
B*40:02,0.2053792402402284,0.1571804197120967,0.1130852564627409,0.6628912780299295
B*40:06,0.09380587220320934,0.6444474537992195,0.4602826458865006,0.3012143953495166
B*41:01,-0.02791445537185079,0.8160753243300771,-0.3407575693989617,0.1622566055964705
B*41:02,0.03872688789181808,0.7827113390493341,-0.200308688336183,0.4676718551934427
B*42:01,0.1856890799313805,0.4989536826447402,-0.3371540374649822,0.5329794751682344
B*44:02,0.05357192884308533,0.5711454308378494,0.1392867283901278,0.4392642793850625
B*44:03,0.04720014263148409,0.5321369516191293,-0.2353159388464781,0.1013483597020598
B*44:05,0.2139527378461118,0.2313536108067502,0.3229129602217709,0.3792887986644461
B*45:01,-0.1071213530678191,0.5091871173347342,-0.003521033717255776,0.9910638304809243
B*47:01,0.3651234604662265,0.1010160527355134,0.0354477815162683,0.9291483564934712
B*48:01,-1.300541164992908,0.1358253517867029,1.416910008356158,0.4438160153425266
B*48:04,0.2223960679335703,0.6911423936658354,2.946563659254715,0.1447502402779756
B*49:01,-0.01649086458519056,0.8425898289630565,0.126644734086736,0.4317899682377271
B*50:01,0.07396652016962857,0.4302201402895531,-0.1934773049329724,0.26804193844185
B*50:02,0.3119278378024922,0.1144967910892088,0.04845869152319841,0.8911808457315555
B*51:01,0.04714356825531868,0.6100521099090932,-0.1525966293238736,0.370438576867048
B*51:06,0.02675354301844747,0.8706049363709,-0.2995146225519208,0.3427089200925374
B*51:07,-0.1936474803465267,0.4312431460408478,0.3513455516324487,0.4504791503383458
B*51:08,0.1619585440502369,0.281834543365115,-0.4273398534875942,0.1518002694205031
B*52:01,0.04548893233031241,0.7262521515919287,-0.01515449851326913,0.9482876787545176
B*53:01,-0.01778716566500897,0.8502170768870092,-0.2268004060565923,0.2027919140905806
B*55:01,0.09910698562944555,0.4213131732708159,0.1901483353335902,0.383973381936163
B*56:01,0.09954616456081897,0.6141529989754371,0.2363373273666552,0.5137049940123162
B*57:01,-0.09837066799529576,0.3075649839876216,0.02330428992654013,0.8964577626631339
B*57:02,-0.07967345098838015,0.870029193919331,-1.4546011273677,0.2154874118404292
B*57:03,0.456778058709042,0.02981652574406619,-0.1534679723754642,0.6999076764665675
B*58:01,-0.102938488002352,0.3085377526721917,-0.1202385105049003,0.552965326683502
B*73:01,-0.0804427303225418,0.7732299609676785,-0.3888144649439913,0.4304061333565444
C*01:02,0.06305261283960521,0.5786664029470763,-0.04189808339116253,0.8296896697360479
C*02:02,-0.04365066126390579,0.6316439990372057,0.1178201329316566,0.476043331616282
C*02:10,0.02553088461706638,0.9223970613879027,0.1291471628859429,0.7626743411005348
C*03:02,0.3148100111350329,0.009987331309952895,-0.162287654228963,0.521185730844416
C*03:03,0.02846109206815131,0.8033078117373283,0.01120640998118652,0.9565031407193443
C*03:04,-0.09104397190706638,0.4665603091102871,-0.1013467857018393,0.6635002328155996
C*04:01,0.04912101384228117,0.4235895775180973,0.05626004274369298,0.6297636652854548
C*04:03,0.3306667421749362,0.4314251750409546,-0.2080233566584629,0.8438017654101597
C*04:07,0.04255102792132028,0.8046431540615324,-0.7370174266629896,0.08196694460590397
C*05:01,0.08758934907688642,0.3165214166497385,0.03027224430197177,0.8567536691008053
C*06:02,0.1062850716166484,0.1330310845688789,0.1014102010273037,0.4487809183832314
C*07:01,0.1509020286554583,0.01550787854278072,0.01905853841157437,0.8753446634778527
C*07:02,0.1279535752387888,0.1086624496127967,-0.1183134846587596,0.4242362564021614
C*07:04,-0.07412597139554833,0.5555781004587103,-0.1311994983464366,0.5955401153504924
C*08:01,-0.2142192221701587,0.5856664534671713,-2.489427176078511,0.1120811734857165
C*08:02,0.03995914499689135,0.8789268340198674,-1.309939252134686,0.03160405308971607
C*08:03,1.36125033080969,0.1319292856624648,-3.465146886058163,0.1032634383068467
C*12:02,0.02710355222842802,0.8175586219722826,0.0556612359405393,0.7943004821640822
C*12:03,0.08493242952014798,0.2180168626618506,0.02240488084847897,0.8665585558703546
C*14:02,0.06093789568360305,0.6138616416924207,-0.02390208122511098,0.9175436167714125
C*14:03,0.09043833808821736,0.6506996322974172,0.6030758080994534,0.0805399222514648
C*15:02,0.05100040014164257,0.5865985046585629,0.0429839348533968,0.8082688243347154
C*15:04,0.2430887428808327,0.1495637065829229,0.6925985269452126,0.03762218317902175
C*15:05,0.1135887740581853,0.5628155264297325,0.2230288249589151,0.5304931686266051
C*16:01,0.260987365557232,0.009943473617743446,0.4137150251436935,0.02975298805605809
C*16:02,-0.03102206755757588,0.8192982214463493,0.2496632064766816,0.338415114669543
C*16:04,0.04656809338843385,0.6100587659689776,0.2261748631348398,0.1926930096696926
C*17:01,0.1914466329657926,0.1038392212113908,0.2945027214579961,0.2219340700853468
C*18:01,-0.2131254886562158,0.6476722123099206,0.743389083672011,0.4448928116678411
DQB1*02:01,-0.02067287036260414,0.7589272087235079,0.1301061893765987,0.304655210022199
DQB1*02:02,-0.2379304779170265,0.01386887511076024,0.08810826271014814,0.6103034672422702
DQB1*03:01,0.03680087820897276,0.4987259487336215,-0.07431942471673038,0.471578909719906
DQB1*03:02,-0.03866499051888728,0.5897877175858615,0.08282922661199205,0.5365934204981668
DQB1*03:03,-0.09972134259137584,0.3379489389913449,-0.1063362623513944,0.5878717957698847
DQB1*03:04,0.03677289628779904,0.8427024228282676,0.1733867602807184,0.6064871558317123
DQB1*03:05,-0.01650725644740044,0.8712581750001055,-0.08509946265748142,0.6794398424488219
DQB1*04:01,-0.2533936474625901,0.3967666835943247,-0.1258024272287092,0.8074655721029097
DQB1*04:02,0.221051988414471,0.08178899724329869,0.235688187297342,0.3228471296490319
DQB1*05:01,-0.07278978825585139,0.4710166022033601,-0.1942633567706119,0.3165275101345859
DQB1*05:02,0.0856250856122306,0.5814065776817667,0.13801246084709,0.6365431532503687
DQB1*05:03,0.1606739497821827,0.2623560896838779,-0.09962342376601778,0.7126945875089171
DQB1*06:01,0.08500380248866905,0.5866159692072359,-0.3139514775882296,0.3085686085368206
DQB1*06:02,-0.06630168705298836,0.6328594870402229,-0.0303019268550712,0.9136851144073064
DQB1*06:03,0.09460837342291742,0.2958965241289877,0.1784813247783175,0.2848641958931954
DQB1*06:04,-0.001156101652583462,0.9931938062193011,0.2168629096628242,0.3710199426758022
DQB1*06:09,0.1066420192880785,0.4584339946206957,0.4874475088055348,0.06631116221488075
DRB1*01:01,0.07046079131747285,0.5795662546041991,0.3261736632043908,0.1718865534257084
DRB1*01:02,0.01397394200165948,0.9008022626994875,0.3990785420165992,0.06665947935075991
DRB1*01:03,-0.1961120724822981,0.2824505498815163,0.5620579854993367,0.08317931433865516
DRB1*03:01,0.03465693115101014,0.6608025215577544,0.01370603910615629,0.9261841612324732
DRB1*04:01,0.07083284096009644,0.5207250012119479,-0.2114479725112273,0.3292297185377425
DRB1*04:02,0.02008376957885314,0.8138542348229072,0.09851535154513691,0.5350136833563606
DRB1*04:03,-0.03608063976711882,0.6776944940925747,0.1089290702822825,0.5124933606121236
DRB1*04:04,0.09154429979360182,0.3937816553624027,-0.1798321890391153,0.3720861194019742
DRB1*04:05,0.1913810027865817,0.04623304312289379,0.2246672383138483,0.2101080900525056
DRB1*04:06,-0.4128762085548724,0.04999067745213817,-0.4591422486037042,0.2467153843186022
DRB1*04:07,0.05776074681886334,0.7797081204618983,0.06726502018218002,0.86782116072174
DRB1*04:08,0.1337583314383567,0.5819519986974826,0.1181782137200018,0.7836231510171033
DRB1*07:01,0.07125266955713117,0.3517361288187938,0.1025336409701475,0.475433347917839
DRB1*08:01,-0.2552884592161893,0.1326008732421959,-0.03109072564376858,0.9231553310455424
DRB1*08:02,0.3514053222173008,0.4157475335135173,0.3690761731478025,0.5365848346934408
DRB1*08:03,0.35486336211453,0.1296639683872585,-0.6607849112746921,0.2154967078300092
DRB1*08:04,-0.07772980845290148,0.6347584696413402,-0.09771184762681151,0.7419933266923078
DRB1*09:01,-0.01113456108937224,0.9471661201446533,0.6460206956676237,0.03818158838045826
DRB1*10:01,0.0470187147736762,0.6748176300307466,0.4860895106820836,0.02422978790453383
DRB1*11:01,0.04899735532423546,0.4713090615653255,0.3551411254306708,0.0056016387926725
DRB1*11:02,-0.2848703549759886,0.2760492552368963,0.1032463406489466,0.8144288086275717
DRB1*11:03,-0.1759273383291319,0.2373667568965866,0.3519126327860384,0.1953583384476401
DRB1*11:04,0.03652261646439816,0.5760336496573518,0.2999741227432299,0.01455829142790935
DRB1*12:01,-0.03454053581910737,0.6833701734914208,0.03775404904865558,0.817530984644942
DRB1*12:02,-0.04351757785486576,0.8784221813358649,-0.9937766871719198,0.1249129460996811
DRB1*13:01,-0.09832381334923924,0.3612880496126594,-0.2564177933039063,0.1975469225996396
DRB1*13:02,-0.07580998545088224,0.570517409032643,-0.004324009003812422,0.9855737488358614
DRB1*13:03,-0.1615476808977614,0.05166808328300741,0.07397481507440141,0.6339696228371288
DRB1*13:05,0.04873256485870103,0.6017002730448873,0.1212582030932359,0.4828088617099826
DRB1*14:01,-0.1334625841941887,0.361636288500653,0.2991889664027083,0.2823638086145845
DRB1*14:04,-0.1635797341479573,0.3583983657517956,-0.02052191830837675,0.9511766014088467
DRB1*14:06,0.09608202652257662,0.7229875694824807,0.04328829055082378,0.9291747167169161
DRB1*15:01,0.0179395212680356,0.8961575861569966,0.2375084590655099,0.3877648201075492
DRB1*15:02,-0.03773256834417397,0.8177345849301632,0.4148452301909983,0.1948163457221669
DRB1*15:03,-0.09592084226939976,0.7232145494601143,0.3310143435581581,0.606821016542167
DRB1*16:01,-0.1524265952071184,0.35537951591044,0.06132252266930439,0.8417596093058612
DRB1*16:02,0.08193770891324131,0.7203353878060935,-0.3418966051535187,0.3936462160271633
const,-2.168649864031425,1.544046951473679e-48,-2.224848456993013,8.664407239429145e-16
MIN,1.452779902445245,0.0,1.544629746084772,6.874432890673631e-199
Age_BMI,-0.01360778855647209,0.2830378055288968,-0.01276706988454591,0.5879323426106204
Birth_year,-0.04270058874471901,0.0007729498144491302,-0.05353893365535344,0.02453641365202406
dapar_3gr,0.008992313626514311,0.4713487202171039,0.01802390762379751,0.4387994144753438
Educ_GE11YN,0.003158440209362837,0.7917134169888387,-0.0230199499607986,0.3094578745661787
Israeli,0.1600824858484095,0.0001341014084200391,0.2476292664551155,0.002060245276118318
Eshkol_3gr,-0.007874612130260831,0.5163851206389065,-0.05563938759469633,0.01448412843427021
