,1_all_pvalues,1_all_coefs,2_all_pvalues,2_all_coefs,1_ashkenazim_pvalues,1_ashkenazim_coefs,2_ashkenazim_pvalues,2_ashkenazim_coefs
A*02:01,,,0.0159525041807374,-0.068777526411853,,,,
A*02:02,,,0.0032929172398147,-0.1186062302997207,,,,
A*02:03,,,0.011225996552732,-0.6776421468096222,,,0.0393063220493501,-1.023911096754472
A*25:01,0.0233312802730172,0.1150345328334684,0.0020070838522563,0.1475069114043043,0.0046031362919718,0.2020131647007765,0.0087354404671425,0.1756272045917593
A*26:01,,,0.0341962459443439,-0.0675032907333121,,,,
A*29:01,,,,,0.028685333060085,0.1320794838262494,,
A*30:01,,,0.0256555960825725,0.0811797359203692,,,,
A*30:04,,,,,0.0112327784206216,0.3040597606811253,,
A*31:01,,,0.0209445866437123,0.1199602377187717,,,,
A*32:01,0.0483593371373244,0.0710329133668002,,,,,,
A*33:01,,,,,0.0415876193904002,0.1229373721849101,,
A*68:01,,,7.477955747015944e-05,-0.1846705179674457,,,,
A*68:02,,,0.0441868292699408,-0.0771767174270744,,,,
A*69:01,,,,,0.0024265396523758,0.2497695469814422,,
B*15:01,,,,,0.0379771095974401,0.2066622657374626,,
B*15:02,0.0319472527697554,-0.8668545208829875,,,,,,
B*15:18,,,0.0005043821642529,0.6330118261279588,,,0.0004785309781388,0.86460224756585
B*15:29,,,0.0255032040385554,0.4565685637924567,,,,
B*27:02,,,0.0014059062656565,0.2258518116663522,,,0.0024143071278797,0.3213609819924942
B*35:08,0.0163337760155599,-0.107351791873539,0.0439092871687871,-0.088058147221135,,,,
B*37:01,,,0.0481644998544643,-0.1378486588064989,,,0.0229167131636029,-0.2391208555964408
B*37:02,,,,,0.0071998998753284,0.7048008273458611,,
B*38:01,,,0.0027813371872856,0.1399004986122017,,,0.0069532013257868,0.1871036969369293
B*38:02,,,,,,,0.0292792115159479,0.802196353619572
B*39:06,0.00804625473011,-0.3467445137858597,,,,,,
B*40:02,0.044757226339395,-0.1704853700757367,,,,,,
B*44:03,,,0.0034726733099903,0.1232556976543196,0.0110597785008319,0.1709844270163424,0.0083785784413757,0.1690888962163445
B*51:06,0.0179817629620941,0.2232702235315598,,,0.0024042226812947,0.4641217234002418,0.0305507896924914,0.3204219992365238
B*51:08,,,,,,,0.0344499231131166,-0.3002362453180009
B*57:03,0.0202643055523001,-0.3124082416488977,,,,,,
B*58:01,0.000785445253051,0.1943063573292706,,,0.0073197641374418,0.2314586866479696,,
B*73:01,,,0.0378036663770272,-0.3013632563458127,,,,
C*02:10,0.0457624679664729,0.3095617774626193,0.0171225826224218,0.3278329863700055,,,,
C*03:03,,,,,0.0326609797763604,-0.2107069856825292,,
C*04:07,,,,,0.0358899115932528,0.397093796643186,,
C*05:01,,,0.0003868150677949,0.1726256456411858,,,0.0009844826126343,0.2304304047861102
C*06:02,,,,,,,0.0346653902825249,0.1307815117547751
C*07:01,,,0.0354355428901874,0.0734098028438475,,,0.0099641253464091,0.1377487829147388
C*08:01,0.0311449631477292,0.6387197671934393,,,,,,
C*15:02,0.0389116711489722,0.1121441905421841,0.0203699580017376,0.1215753820948433,,,0.0097510202708051,0.2119370354311852
C*15:04,,,,,0.035844913409818,-0.3295643087927378,,
C*16:01,,,0.0054460905940269,0.1535551619671868,,,,
C*17:01,,,0.0197301820510401,0.1538534919521386,,,0.0084708149547368,0.2639091732460873
DQB1*02:02,0.0206919798033623,-0.1298387806872415,0.0006990179914836,-0.1849544892839942,0.010279643078052,-0.2116301170588276,,
DQB1*04:02,,,0.0085292694947575,0.1809247898806678,,,,
DRB1*03:01,3.502791699950702e-07,0.2339172853090176,3.5183362560220426e-08,0.241509562191853,4.073835225668658e-05,0.3008807301998731,0.0002423498133051,0.2565621049233497
DRB1*04:02,0.003762143594692,0.1431242249028382,0.0025400745561271,0.1422616811336298,,,,
DRB1*04:04,0.0283052111354652,0.1392301952144895,,,,,,
DRB1*04:05,,,1.427616671568003e-06,0.2529135228578865,,,0.0194801655079379,0.2006169366031689
DRB1*04:06,,,0.008495011729806,-0.3109240460943139,,,0.0195658229380394,-0.4786852486544191
DRB1*04:07,,,0.0472391384444414,0.2361187745218596,,,,
DRB1*07:01,0.0086091449341358,0.1167351866587397,8.116226592295098e-05,0.1670867208927775,0.0102031876730591,0.1806071749168453,0.0162467506604345,0.1606339090987074
DRB1*08:02,,,,,,,0.009236802137922,0.7549835673129243
DRB1*09:01,,,0.0251515248591312,0.2117811643498533,,,,
DRB1*10:01,0.0489501362569457,0.1279656578636332,0.0004242266182332,0.2181302818728287,,,0.0077433432033957,0.2565862393608064
DRB1*11:01,0.0007288082216673,0.1346952673794097,4.2293617988267935e-10,0.2365102467462774,,,3.1967444830701795e-08,0.3091285874086147
DRB1*11:04,,,1.338320212736009e-05,0.1585926543213176,,,0.000241882549804,0.1990132258431429
DRB1*12:01,,,0.035673195056064,0.0995064365069998,,,0.0489887035408227,0.1348805042983169
DRB1*14:04,,,,,0.0384012749195051,-0.3885534442578698,,
DRB1*14:06,,,,,,,0.0276708516217778,0.5016779316182928
DRB1*15:03,0.010724627579958,-0.3821887045342083,0.0207295001361352,-0.3454100409738146,,,,
count,20.0,20.0,37.0,37.0,17.0,17.0,25.0,25.0
