,alleles_all,alleles_ashkenazim,allergic_1_all,allergic_2_all,allergic_1_ashkenazim,allergic_2_ashkenazim,severity_1_all,severity_2_all,severity_1_ashkenazim,severity_2_ashkenazim,bmi_all_overweight,bmi_all_normal,bmi_ashkenazim_normal
A*02:01,0.0,0.0,0.0,0.0,0.0,0.0,0.0,-0.068777526411853,0.0,0.0,0.0,0.0,0.0
A*02:02,-0.0752910799741282,0.0,-0.0845923420478348,0.0,0.0,0.0,0.0,-0.1186062302997207,0.0,0.0,0.0,-0.07394142123447,0.0
A*02:03,-0.3590644587384166,-1.166593548269162,-0.3996435553562953,0.0,-1.239570798725253,0.0,0.0,-0.6776421468096222,0.0,-1.023911096754472,0.0,-0.5350750064974998,-1.545434240582797
A*02:17,0.0,0.0,0.0,0.3138618420793557,0.0,0.5568794367842115,0.0,0.0,0.0,0.0,0.0,0.0,0.0
A*03:01,0.0,0.0793421965828238,0.0,0.0,0.0,0.0,0.0,0.0,0.0,0.0,0.0,0.0,0.0
A*03:02,0.0,0.0,0.0,0.1317858592162508,0.0,0.2143421595309512,0.0,0.0,0.0,0.0,0.0,0.0,0.0
A*11:01,0.0,0.0,0.0,0.1187419861249128,0.0,0.0,0.0,0.0,0.0,0.0,0.0,0.0,0.0
A*24:04,0.0,0.0,0.0,0.0,0.0,0.0,0.0,0.0,0.0,0.0,0.0,0.0,0.2112488619556579
A*24:07,0.0,0.0,0.0,0.0,0.0,0.0,0.0,0.0,0.0,0.0,0.0,0.0,-0.279177823406623
A*25:01,0.1319987723201521,0.1881984094111676,0.0931076033592752,0.3227368051641454,0.1491181369712636,0.3715447728038569,0.1150345328334684,0.1475069114043043,0.2020131647007765,0.1756272045917593,0.0,0.1404793206000579,0.2097740725637445
A*26:01,0.0,0.0,0.0,0.0,0.0,0.0,0.0,-0.0675032907333121,0.0,0.0,0.0,0.0,0.0
A*29:01,0.0,0.0,0.0,0.2209374978520258,0.0,0.2496138288612578,0.0,0.0,0.1320794838262494,0.0,0.0,0.0648999160304122,0.0
A*30:01,0.0548306124015157,0.0,0.0,0.1698119484696421,0.0,0.2000073339828375,0.0,0.0811797359203692,0.0,0.0,0.1240656880211149,0.0,0.0
A*30:04,0.0,0.0,0.0,0.0,0.0,0.0,0.0,0.0,0.3040597606811253,0.0,0.0,0.0,0.0
A*31:01,0.1005496912461233,0.0,0.0847151801064221,0.1878733633257449,0.0,0.0,0.0,0.1199602377187717,0.0,0.0,0.0,0.1375303612412166,0.135686279426841
A*32:01,0.05980132991492,0.0799098614388102,0.059159188727112,0.0,0.0,0.0,0.0710329133668002,0.0,0.0,0.0,0.0,0.0602219232110413,0.0893120692692498
A*33:01,0.0,0.0,0.0,0.0,0.0,0.0,0.0,0.0,0.1229373721849101,0.0,0.0,0.0,0.0
A*33:03,0.0,0.1644834027801808,0.0,0.0,0.0,0.3673755874605695,0.0,0.0,0.0,0.0,0.0,0.0,0.0
A*68:01,-0.1070883088282883,0.0,-0.1227645108333668,0.0,0.0,0.0,0.0,-0.1846705179674457,0.0,0.0,0.0,-0.1212530539440862,0.0
A*68:02,-0.0676085848439915,0.0,-0.0816451767460757,0.0,0.0,0.0,0.0,-0.0771767174270744,0.0,0.0,0.0,0.0,0.0
A*69:01,0.0,0.0,0.0,0.0,0.0,0.0,0.0,0.0,0.2497695469814422,0.0,0.0,0.0,0.0
A*74:03,0.0,0.0,0.0,0.0,0.0,1.976255301142198,0.0,0.0,0.0,0.0,0.0,0.0,0.0
B*15:01,0.0,0.1449097097865149,0.0,0.0,0.0,0.326780638960649,0.0,0.0,0.2066622657374626,0.0,0.0,0.0,0.0
B*15:02,0.0,0.0,0.0,0.0,0.0,0.0,-0.8668545208829875,0.0,0.0,0.0,0.0,0.0,0.0
B*15:03,0.0,0.2174029611994114,0.0,0.0,0.2397392510273173,0.0,0.0,0.0,0.0,0.0,0.0,0.0,0.3139532711678421
B*15:18,0.356595540382624,0.5653428150162791,0.3220649057833058,0.0,0.644143732683309,0.0,0.0,0.6330118261279588,0.0,0.86460224756585,0.5682855390874928,0.0,0.4942548285028334
B*15:29,0.0,0.0,0.0,0.0,0.0,0.0,0.0,0.4565685637924567,0.0,0.0,0.0,0.0,0.0
B*18:01,-0.0741000073678651,0.0,-0.0673461224817142,0.0,0.0,0.0,0.0,0.0,0.0,0.0,0.0,-0.0839551203295169,0.0
B*27:02,0.1625685040239135,0.2472296917853933,0.1299152684434832,0.3213516501939421,0.2232962909600636,0.3560091701134382,0.0,0.2258518116663522,0.0,0.3213609819924942,0.0,0.19707395116977,0.3139748290156525
B*27:05,0.0,0.0,0.0,0.0,0.0,0.45571929274646,0.0,0.0,0.0,0.0,0.0,0.0,0.0
B*27:07,0.0,0.0,0.0,0.0,0.0,0.0,0.0,0.0,0.0,0.0,0.0,0.0,0.291258815210009
B*27:12,0.0,0.0,0.0,0.0,0.0,0.0,0.0,0.0,0.0,0.0,-1.043565623008064,0.0,0.0
B*35:02,0.0,0.0,0.0,0.0,0.0,0.3035638394737684,0.0,0.0,0.0,0.0,0.0,0.0,0.0
B*35:08,-0.0970995281427395,0.0,-0.1037927729513906,0.0,0.0,0.0,-0.107351791873539,-0.088058147221135,0.0,0.0,0.0,-0.0995520321737922,0.0
B*37:01,-0.1362193719437467,-0.1495958579587702,-0.1296531656497971,0.0,-0.1717343380887038,0.0,0.0,-0.1378486588064989,0.0,-0.2391208555964408,0.0,-0.1483919171203429,0.0
B*37:02,0.0,0.0,0.0,0.0,0.0,0.0,0.0,0.0,0.7048008273458611,0.0,0.0,0.0,0.0
B*38:01,0.0706307770221232,0.1447137486036613,0.0,0.160804567453417,0.118821989412789,0.2637139128343348,0.0,0.1399004986122017,0.0,0.1871036969369293,0.0,0.0,0.143035265806218
B*38:02,0.4000184180384705,0.7677716150598113,0.4371922240201976,0.0,0.9237577577099584,0.0,0.0,0.0,0.0,0.802196353619572,0.0,0.5058924879550164,0.8963270714478135
B*39:06,-0.2329301111525736,0.0,-0.2472379168570855,0.0,0.0,0.0,-0.3467445137858597,0.0,0.0,0.0,0.0,0.0,0.0
B*40:02,0.0,0.0,0.0,0.0,0.0,0.0,-0.1704853700757367,0.0,0.0,0.0,0.0,0.0,0.0
B*42:01,0.2318651896087816,0.0,0.0,0.0,0.0,0.0,0.0,0.0,0.0,0.0,0.0,0.2500509801975718,0.0
B*44:03,0.1030973245301857,0.1717054231699343,0.0906096343944503,0.1682937443882838,0.1458208963314213,0.294845058324623,0.0,0.1232556976543196,0.1709844270163424,0.1690888962163445,0.0,0.1116912041287162,0.1928378231967682
B*44:05,0.0,0.0,0.0,0.0,0.0,0.0,0.0,0.0,0.0,0.0,0.0,0.0,0.2460296414696325
B*49:01,0.0,0.0,0.0,0.0,0.0,0.2502257536188884,0.0,0.0,0.0,0.0,0.0,0.0,0.0
B*51:06,0.1830331017419707,0.3907279516064456,0.2051902277005576,0.0,0.462313575598377,0.0,0.2232702235315598,0.0,0.4641217234002418,0.3204219992365238,0.3905486646073221,0.0,0.4061517132205298
B*51:08,-0.1600350006236552,0.0,-0.1493021497224876,0.0,0.0,-0.5974464937319983,0.0,0.0,0.0,-0.3002362453180009,-0.3362240291753347,0.0,0.0
B*56:01,0.0,0.0,0.0,0.0,0.0,0.0,0.0,0.0,0.0,0.0,-0.3507883990737476,0.0,0.0
B*57:03,0.0,0.0,0.0,0.0,0.0,0.0,-0.3124082416488977,0.0,0.0,0.0,0.0,0.0,0.0
B*58:01,0.1500958127526826,0.0,0.1272026209657717,0.2714098165440146,0.0,0.3524718034303549,0.1943063573292706,0.0,0.2314586866479696,0.0,0.0,0.1661906901479513,0.1498312952420729
B*73:01,-0.2904850807470716,0.0,0.0,-0.7390136278574009,0.0,0.0,0.0,-0.3013632563458127,0.0,0.0,0.0,-0.3142005540092672,0.0
C*01:02,0.0,0.0,0.0,0.0,0.0,0.0,0.0,0.0,0.0,0.0,0.2815266863536668,0.0,-0.1847618023262434
C*02:10,0.3193732907595939,0.0,0.2849872992717148,0.5213956961240248,0.0,0.0,0.3095617774626193,0.3278329863700055,0.0,0.0,0.5601238302310567,0.0,0.0
C*03:02,0.0,0.0,0.0,0.0,0.0,-0.4364824423437176,0.0,0.0,0.0,0.0,0.0,0.0,0.0
C*03:03,0.0,0.0,0.0,0.0,0.0,0.0,0.0,0.0,-0.2107069856825292,0.0,0.0,0.0,-0.1577617479692096
C*04:01,0.0,0.0,0.0,0.0,0.0,-0.1876398364928157,0.0,0.0,0.0,0.0,0.0,0.0,0.0
C*04:07,0.0,0.0,0.0,0.0,0.3231456975296095,0.0,0.0,0.0,0.397093796643186,0.0,0.0,0.0,0.0
C*05:01,0.1114535343458107,0.1197495252082732,0.1188356898519976,0.0,0.1528367930197215,0.0,0.0,0.1726256456411858,0.0,0.2304304047861102,0.0,0.102576361298042,0.1155750551582726
C*06:02,0.0,0.0,0.0,0.0,0.0,0.0,0.0,0.0,0.0,0.1307815117547751,0.0,0.0,0.0
C*07:01,0.0,0.0,0.0,0.0,0.0883119308669627,0.0,0.0,0.0734098028438475,0.0,0.1377487829147388,0.0,0.0,0.0
C*08:01,0.0,0.0,0.0,0.0,0.0,0.0,0.6387197671934393,0.0,0.0,0.0,0.0,0.0,0.0
C*08:02,0.0,0.0,0.0,0.584062743179837,0.0,0.0,0.0,0.0,0.0,0.0,0.0,0.0,0.0
C*15:02,0.1166971842902607,0.12760108667673,0.1041778787711715,0.1849382981164401,0.0,0.0,0.1121441905421841,0.1215753820948433,0.0,0.2119370354311852,0.0,0.1088933805360263,0.0
C*15:04,0.0,0.0,0.0,0.0,0.0,0.0,0.0,0.0,-0.3295643087927378,0.0,0.0,0.0,0.0
C*16:01,0.0,0.0,0.0,0.0,0.0,0.0,0.0,0.1535551619671868,0.0,0.0,0.0,0.0,0.0
C*17:01,0.0,0.0,0.0,0.0,0.0,0.0,0.0,0.1538534919521386,0.0,0.2639091732460873,0.0,0.0,0.0
DQB1*02:01,0.0,0.0,0.0,-0.1720374554120638,0.0,-0.2784906355803555,0.0,0.0,0.0,0.0,0.0,0.0,0.0
DQB1*02:02,-0.1581853588073642,-0.1548972487015146,-0.1204556832620505,-0.3511635345790634,0.0,-0.4411851824139213,-0.1298387806872415,-0.1849544892839942,-0.2116301170588276,0.0,0.0,-0.1937613638162503,-0.1525820473890964
DQB1*03:01,0.0473154073976622,0.0,0.049846452997009,0.0,0.0,0.0,0.0,0.0,0.0,0.0,0.1207873271980313,0.0,0.0
DQB1*03:04,0.0,0.0,0.0,0.3268408264720928,0.0,0.0,0.0,0.0,0.0,0.0,0.0,0.0,0.0
DQB1*04:02,0.0,0.0,0.0,0.0,0.0,0.0,0.0,0.1809247898806678,0.0,0.0,0.0,0.0,0.0
DQB1*06:03,0.0,0.0,0.0,0.0,0.0,0.0,0.0,0.0,0.0,0.0,0.1678835703099963,0.0,0.0
DQB1*06:04,0.0,0.0,0.0,0.0,0.0,0.0,0.0,0.0,0.0,0.0,0.0,0.1543998359053168,0.0
DRB1*01:02,0.0,0.0,0.0,0.2711578988270422,0.0,0.0,0.0,0.0,0.0,0.0,0.0,0.0,0.0
DRB1*03:01,0.2376520099866767,0.2763771452501725,0.2034870268660518,0.4237050684134804,0.2293751626439886,0.502372461250887,0.2339172853090176,0.241509562191853,0.3008807301998731,0.2565621049233497,0.188266129785109,0.2533411865436649,0.266934069821233
DRB1*04:01,0.1155249924627882,0.1348431336280922,0.1089236640135139,0.0,0.1522524954649783,0.0,0.0,0.0,0.0,0.0,0.0,0.1409744145878175,0.0
DRB1*04:02,0.1430495760075897,0.0,0.1309320691192005,0.1997030054696576,0.0,0.0,0.1431242249028382,0.1422616811336298,0.0,0.0,0.1474705296751049,0.1434309467925528,0.0
DRB1*04:04,0.123147425945477,0.0,0.1180502421621659,0.0,0.0,0.0,0.1392301952144895,0.0,0.0,0.0,0.0,0.1338949442126986,0.0
DRB1*04:05,0.1675145219130065,0.0,0.1724576146077537,0.0,0.0,0.0,0.0,0.2529135228578865,0.0,0.2006169366031689,0.0,0.1743276232482264,0.0
DRB1*04:06,0.0,-0.3283012389853847,0.0,0.0,0.0,0.0,0.0,-0.3109240460943139,0.0,-0.4786852486544191,0.0,0.0,0.0
DRB1*04:07,0.2190579576262772,0.2485793431401011,0.190114226523313,0.0,0.2716603404995621,0.0,0.0,0.2361187745218596,0.0,0.0,0.0,0.286016089910453,0.3457078005419933
DRB1*07:01,0.1431437317452826,0.170086709368181,0.117274552023064,0.2838492142426112,0.1341974610013099,0.3459821506895541,0.1167351866587397,0.1670867208927775,0.1806071749168453,0.1606339090987074,0.0,0.1630403124713506,0.1691609921472628
DRB1*08:02,0.0,0.0,0.0,0.0,0.0,0.0,0.0,0.0,0.0,0.7549835673129243,0.0,0.0,0.0
DRB1*08:03,0.0,0.0,0.0,0.0,0.0,-1.62472037014021,0.0,0.0,0.0,0.0,0.0,0.0,0.0
DRB1*08:04,-0.1347101646366699,0.0,0.0,-0.4669701233289446,0.0,0.0,0.0,0.0,0.0,0.0,0.0,-0.1753932626021014,0.0
DRB1*09:01,0.0,0.0,0.1529459335303606,0.0,0.0,0.0,0.0,0.2117811643498533,0.0,0.0,0.0,0.0,0.0
DRB1*10:01,0.1736505082464115,0.1689649293093484,0.1507801817436924,0.291481826618937,0.0,0.0,0.1279656578636332,0.2181302818728287,0.0,0.2565862393608064,0.0,0.2270408373493527,0.2307072726863348
DRB1*11:01,0.1884102646379622,0.2139852211105503,0.1555736332438185,0.343250139860641,0.2054098497018718,0.2446703096018817,0.1346952673794097,0.2365102467462774,0.0,0.3091285874086147,0.0,0.2127600332423137,0.2385392706708843
DRB1*11:03,0.1397072703609522,0.169697447982368,0.1324670557280319,0.0,0.0,0.0,0.0,0.0,0.0,0.0,0.0,0.1375458897770472,0.0
DRB1*11:04,0.1125283636560969,0.1136891561385113,0.101516876295771,0.1705284500257109,0.1353426778939565,0.0,0.0,0.1585926543213176,0.0,0.1990132258431429,0.0,0.1393820348778977,0.1268532849588972
DRB1*12:01,0.083972866919322,0.0,0.0829554305368694,0.0,0.0,0.0,0.0,0.0995064365069998,0.0,0.1348805042983169,0.0,0.1060257649405655,0.0
DRB1*13:01,0.0,0.0,0.0,0.0,0.0,0.0,0.0,0.0,0.0,0.0,-0.1920969574965183,0.0,0.0
DRB1*13:03,0.0,0.1198630389229245,0.0,0.0,0.1268385256680195,0.0,0.0,0.0,0.0,0.0,0.0,0.0,0.1497725966432459
DRB1*14:01,0.0,0.0,0.0,0.0,0.0,0.0,0.0,0.0,0.0,0.0,-0.2915704339739122,0.0,0.0
DRB1*14:04,0.0,-0.2972121466289122,0.0,0.0,0.0,0.0,0.0,0.0,-0.3885534442578698,0.0,0.0,0.0,-0.3137724061876018
DRB1*14:06,0.0,0.0,0.0,0.0,0.398020450769929,0.0,0.0,0.0,0.0,0.5016779316182928,0.0,0.0,0.0
DRB1*15:03,-0.3627667881790631,0.0,-0.3961288605173218,0.0,0.0,0.0,-0.3821887045342083,-0.3454100409738146,0.0,0.0,-0.663584810956443,-0.2793245769301809,0.0
