,all_coefs,ashkenazim_coefs
A*01:01,0.007839266893794002,0.02255775972777621
A*01:03,-0.03395829684028102,0.02641247941774356
A*02:01,-0.02232148657479831,0.003763952158492661
A*02:02,-0.07529107997412825,-0.05122498197569866
A*02:03,-0.3590644587384166,-1.166593548269162
A*02:05,-0.03517118788104172,-0.04044366737790446
A*02:06,-0.01110940094408619,-0.0401886467329905
A*02:17,0.04844970460391537,0.06798672960665694
A*03:01,0.04083288040014602,0.07934219658282388
A*03:02,0.02169524991106649,0.03914267627144574
A*11:01,0.03720886762453338,0.03094030229929386
A*23:01,0.02558188344641662,0.02427939511357075
A*24:02,0.01441797287312761,0.03124967651193115
A*24:03,0.03300379642570645,-0.02492718923852534
A*24:04,0.04185165625061214,0.1020333704886006
A*24:07,0.08955408442381398,-0.1053092403931725
A*24:17,0.09660149553024809,0.1322421917957044
A*25:01,0.1319987723201521,0.1881984094111676
A*26:01,-0.01656993417751526,0.01132657213217298
A*29:01,0.05500755487447689,0.0690767997007908
A*29:02,-0.01275343773257235,0.01747016224658633
A*30:01,0.05483061240151579,0.06138507886778052
A*30:02,-0.02458226816083979,-0.0211662038625936
A*30:04,0.02226428331324148,0.106382686118375
A*31:01,0.1005496912461233,0.07846587263992005
A*31:08,0.04053212406966363,0.0375359351349964
A*32:01,0.05980132991492005,0.07990986143881028
A*33:01,0.003157949658770533,0.01828326213537412
A*33:03,0.09578230145528831,0.1644834027801808
A*34:02,-0.1292897199703206,-0.1958627202174231
A*66:01,0.001384018720816809,0.05315463061632677
A*68:01,-0.1070883088282883,-0.05456595038845316
A*68:02,-0.06760858484399154,-0.01364508111771172
A*69:01,0.03081267861776767,0.08575715187439634
A*74:01,-0.05393058869204119,0.2799747966244238
A*74:03,-0.1365680284549516,0.1282070184477564
A*80:01,0.03397432586335056,0.1808651577666178
B*07:02,-0.04482225920250082,-0.03808726751530786
B*07:05,-0.0502183843586552,0.03625766218060385
B*08:01,0.03973220664682466,0.0572240589239385
B*13:01,-0.02617820290492579,0.01242197239432314
B*13:02,0.06045952611673936,0.05317299458683022
B*14:01,-0.168117948353671,-0.3501838574482093
B*14:02,-0.02525091645638602,-0.1015441047733928
B*15:01,0.0420937476936917,0.1449097097865149
B*15:02,-0.3959233016689609,-0.1784730502489994
B*15:03,-0.02540291267977992,0.2174029611994114
B*15:10,-0.141432915517767,-0.1616893973646607
B*15:16,-0.188839582242964,-0.160365668697901
B*15:17,0.02636139488294831,0.04074095894652523
B*15:18,0.356595540382624,0.5653428150162791
B*15:24,0.1127170670368077,-0.3246254423129961
B*15:29,0.1943545393602895,-0.1669551703677312
B*18:01,-0.07410000736786516,-0.01199024512228136
B*27:02,0.1625685040239135,0.2472296917853933
B*27:05,-0.0005585851263210194,0.1384104386726805
B*27:07,0.1039448579794124,0.1726084207894828
B*27:12,-0.2936561014348737,0.06474619293883067
B*35:01,-0.0332316997113546,0.06389548150097611
B*35:02,-0.01863985583102924,0.05591674383347698
B*35:03,-0.04256200757712576,0.07052848803458825
B*35:08,-0.09709952814273959,0.002667685730294164
B*37:01,-0.1362193719437467,-0.1495958579587702
B*37:02,0.2247306246170208,0.3188321360927967
B*38:01,0.07063077702212323,0.1447137486036613
B*38:02,0.4000184180384705,0.7677716150598113
B*39:01,0.06654422056752049,0.1087907352278864
B*39:06,-0.2329301111525736,-0.2351501198263884
B*39:10,-0.06487246980840598,0.1357539371071352
B*40:01,0.04335318613584457,0.1046482785968908
B*40:02,-0.08885484427066186,-0.06868667969197761
B*40:06,-0.01677438421807622,0.09461948111929597
B*41:01,0.01180254739193932,0.02596850552537353
B*41:02,0.004336088642896719,-0.04148795791470178
B*42:01,0.2318651896087816,0.1750123461568782
B*44:02,0.05189141564273616,0.09525287767950204
B*44:03,0.1030973245301857,0.1717054231699343
B*44:05,0.03176504614399372,0.1614426046533184
B*45:01,0.07730652344861647,0.06473333684327354
B*47:01,0.01964999661638205,0.03069222596509848
B*48:01,-0.3146183823529949,-0.3683112105352379
B*48:04,-0.2369322717476722,0.005299429697273483
B*49:01,0.05160201463478151,0.09344872784926418
B*50:01,-0.04136293768757711,0.01273289107738639
B*50:02,0.04093442339809641,0.2300161240488331
B*51:01,-0.05961138918561389,-0.008233624651954832
B*51:06,0.1830331017419707,0.3907279516064456
B*51:07,0.0936592071784499,0.01656738822029065
B*51:08,-0.1600350006236552,-0.1809816707427663
B*52:01,-0.01015345592666456,0.02889778374348634
B*53:01,-0.04925286311525066,-0.002975466991562617
B*55:01,-0.002119798072174055,0.1353016226236677
B*56:01,-0.1550789507779962,0.0693001178960019
B*57:01,0.007748615269735111,0.006480599961297029
B*57:02,0.01402096280361656,-0.5629845408648962
B*57:03,-0.07245057646029877,0.1047601830840209
B*58:01,0.1500958127526826,0.1204460210452775
B*73:01,-0.2904850807470716,-0.06391375316354522
C*01:02,0.03823330101255248,-0.1128384708175706
C*02:02,0.01617654085544544,-0.03974951564587637
C*02:10,0.3193732907595939,0.1823391094602732
C*03:02,0.01961259799898104,-0.04684958871134345
C*03:03,-0.000513850011640795,-0.1022972714655149
C*03:04,-0.0708612608084214,-0.08171108762726648
C*04:01,0.01986785301618037,-0.01215659722497039
C*04:03,0.2035502180310231,0.3131611910285785
C*04:07,0.007992228184956676,0.2606950341913586
C*05:01,0.1114535343458107,0.1197495252082732
C*06:02,0.04467377051321259,0.06253457503687962
C*07:01,0.03340791657930856,0.05572242474713369
C*07:02,0.001743035482432501,0.03881014009843482
C*07:04,-0.0136314922538879,-0.0508404911429466
C*08:01,0.279437416861891,0.2610339117057603
C*08:02,0.105384909204858,0.2437673598702868
C*08:03,0.2867741776175218,0.2685480229068971
C*12:02,0.01135686625589145,-0.01548470981949602
C*12:03,0.009280668050328405,-0.001043501798651122
C*14:02,0.06015815672585502,0.01400661523811085
C*14:03,-0.00897411048199457,-0.09451498616811584
C*15:02,0.1166971842902607,0.12760108667673
C*15:04,0.02814958549413044,-0.159697409398262
C*15:05,0.08856670993055356,0.01382446130313835
C*16:01,0.0463442348478934,-0.009996251440022384
C*16:02,0.02527415308955815,-0.008140233921103603
C*16:04,0.003783418305133432,-0.006711544552201679
C*17:01,0.066059596283297,0.1134822562724003
C*18:01,-0.1432704686778726,0.4085581146878612
DQB1*02:01,-0.03005604238015279,-0.04320686298445813
DQB1*02:02,-0.1581853588073642,-0.1548972487015146
DQB1*03:01,0.04731540739766222,0.02517375104546929
DQB1*03:02,0.00191165485200402,0.05307674607839152
DQB1*03:03,-0.005116167533351409,-0.0124129154779021
DQB1*03:04,0.1265310439749444,0.1760273711235373
DQB1*03:05,0.0001976785895801261,0.0408202562858535
DQB1*04:01,-0.1167181335981071,-0.05232270692370179
DQB1*04:02,0.0737831629207575,0.0828431787889495
DQB1*05:01,-0.003150634311632686,-0.05350054416605268
DQB1*05:02,0.01359769104994262,-0.03890280877744651
DQB1*05:03,0.07484567983241414,0.03084561548325515
DQB1*06:01,-0.01091723399232134,-0.005119386963243005
DQB1*06:02,0.06247044046634027,0.006618953987595574
DQB1*06:03,0.03456492694190232,0.01698502075452879
DQB1*06:04,0.09475139008995342,-0.01682436502854733
DQB1*06:09,0.05869738841274959,-0.04333528955909382
DRB1*01:01,0.06037155052167906,0.046965382648143
DRB1*01:02,0.02869974612831369,0.07587308358723706
DRB1*01:03,0.05045151017973676,0.1256450872305848
DRB1*03:01,0.2376520099866767,0.2763771452501725
DRB1*04:01,0.1155249924627882,0.1348431336280922
DRB1*04:02,0.1430495760075897,0.08899966447937452
DRB1*04:03,-0.02501522280689893,-0.03333248505520092
DRB1*04:04,0.123147425945477,0.07279874305342743
DRB1*04:05,0.1675145219130065,0.113592108440022
DRB1*04:06,-0.1367596624614562,-0.3283012389853847
DRB1*04:07,0.2190579576262772,0.2485793431401011
DRB1*04:08,0.004458212203744805,0.003614294567587694
DRB1*07:01,0.1431437317452826,0.170086709368181
DRB1*08:01,0.01142520394526997,0.00873341125015677
DRB1*08:02,0.2464559555744259,0.4491193631937937
DRB1*08:03,-0.05770843590985861,-0.02932957752250195
DRB1*08:04,-0.1347101646366699,-0.08005155924129616
DRB1*09:01,0.1360881135297693,0.07405025193613682
DRB1*10:01,0.1736505082464115,0.1689649293093484
DRB1*11:01,0.1884102646379622,0.2139852211105503
DRB1*11:02,-0.03794708868995045,0.1355952955767604
DRB1*11:03,0.1397072703609522,0.169697447982368
DRB1*11:04,0.1125283636560969,0.1136891561385113
DRB1*12:01,0.083972866919322,0.04777047371342628
DRB1*12:02,-0.03511512161567034,-0.0729040590915491
DRB1*13:01,-0.03346003048284653,-0.01467328906705162
DRB1*13:02,-0.06614606660344036,0.03719682650167391
DRB1*13:03,0.03882050638630478,0.1198630389229245
DRB1*13:05,-0.02386338028365402,-0.01187790307476739
DRB1*14:01,-0.1027606859742795,-0.1103570875726179
DRB1*14:04,-0.07821887425624367,-0.2972121466289122
DRB1*14:06,0.1781421581750855,0.3170667810907128
DRB1*15:01,-0.007500518282702481,-0.003462700980975408
DRB1*15:02,-0.04285207006420912,-0.02416426924639469
DRB1*15:03,-0.3627667881790631,-0.465008744059347
DRB1*16:01,0.007728157672412814,0.0738075238554713
DRB1*16:02,0.01324608129303385,0.1363899524095192
const,-2.641304213289819,-2.66802264749307
MIN,-0.378905847617987,-0.4035913320209301
Age_BMI,0.1714598849835803,0.161438949450105
Birth_year,-0.2561425637735235,-0.1912138605055562
Year_BMI,0.1629358738079062,0.09912695742823842
dapar_3gr,0.04791857101578195,0.04504322535413745
Educ_GE11YN,0.02215067537932483,0.02845317967416073
Israeli,0.3841514366663701,0.2587123505275616
Eshkol_3gr,0.1158595297546368,0.1293607420478566
