,all_overweight_coefs,all_normal_coefs,ashkenazim_normal_coefs
A*01:01,-0.01329852026895627,0.01158172572477204,0.02977211973940891
A*01:03,0.1362871582061578,-0.07653630335823598,-0.0281963225285253
A*02:01,-0.06058978837224115,-0.01207635280733847,0.0009243701709331508
A*02:02,-0.07425423324902101,-0.07394142123447009,-0.04320152449322864
A*02:03,0.03961285240372982,-0.5350750064974998,-1.545434240582797
A*02:05,-0.06870701308863998,-0.02595915526382204,-0.03044087109545591
A*02:06,0.340440237202036,-0.09714228368323788,-0.2283798789948103
A*02:17,0.04712484892883576,0.0503391054006057,0.02968657940710792
A*03:01,0.03452200473268435,0.04283709262467948,0.05883334466573032
A*03:02,0.01874799548932762,0.02125351066567521,0.03767426522860654
A*11:01,0.06868752769424831,0.02690754047395758,0.01997409820136899
A*23:01,0.08432382537962974,0.01152585655357544,0.005154700487690045
A*24:02,-0.004228351364625516,0.01794819367823339,0.03197928753965063
A*24:03,-0.01232071844440086,0.04849120247332408,0.007595470738312422
A*24:04,-0.2698501657815441,0.111559868693029,0.2112488619556579
A*24:07,0.09881200175256485,0.08929547381403044,-0.279177823406623
A*24:17,0.1419297043207084,0.09768061113634206,0.1069483590819984
A*25:01,0.1042906504969378,0.1404793206000579,0.2097740725637445
A*26:01,-0.003674253341681808,-0.02022042448157502,0.01559431653734123
A*29:01,0.02609952172883842,0.06489991603041224,0.07988267490227904
A*29:02,-0.001499281360702613,-0.01820124630939805,-0.02403902755468574
A*30:01,0.1240656880211149,0.03739174820627112,0.03689733768281488
A*30:02,0.06149290391367256,-0.04888004030677794,-0.05494361755074684
A*30:04,0.05446234800564326,0.01210477787731644,0.0937091307503738
A*31:01,-0.04094329114673619,0.1375303612412166,0.135686279426841
A*31:08,0.1568878605572775,0.003343384555851737,0.02998756125065507
A*32:01,0.05285756108098367,0.06022192321104136,0.0893120692692498
A*33:01,-0.02336595462746657,0.007955976931220736,0.02401075364255031
A*33:03,0.07643854232047617,0.1048671151797848,0.1068533243191586
A*34:02,-0.4188220269694584,-0.05909646140332343,-0.08336516815501925
A*66:01,-0.1049579623792041,0.03045584618111451,0.05222325594272721
A*68:01,-0.06176140283264444,-0.1212530539440862,-0.05597767417047116
A*68:02,-0.1041810080216704,-0.05555264435958926,-0.02078774042316481
A*69:01,0.01759478650254469,0.03295867226078748,0.08036092169068491
A*74:01,0.02638492131612424,-0.05552557250677442,0.3259733793552566
A*74:03,0.2804531759332092,-0.2035244532009687,0.252631940889889
A*80:01,0.102192488787707,0.01135333179440745,0.09643220560084433
B*07:02,0.0300179258153641,-0.05562799123885634,-0.03884510899565476
B*07:05,-0.009802300855450394,-0.06818861335592108,0.04106333528238037
B*08:01,0.04868830085902679,0.03870799764890771,0.032181908892916
B*13:01,-0.09863364064271966,0.0151017441838031,0.1477061158656284
B*13:02,0.1040120480631759,0.05097733910422629,0.05711526109391809
B*14:01,-0.2155091854665262,-0.151823378633904,-0.2814763790579209
B*14:02,-0.007369689536844292,-0.03109175392572171,0.005025911407943441
B*15:01,0.06904728656440716,0.03716108393740156,0.1313195625404166
B*15:02,-0.2322702875452728,-0.4253379756280586,-0.3232942819680313
B*15:03,0.05207573456586903,-0.02842460322254141,0.3139532711678421
B*15:10,-0.02603410842948664,-0.1658476463192799,0.0501394317214018
B*15:16,-0.3825571022904988,-0.137996869073309,-0.103813886037306
B*15:17,-0.006386386234676871,0.03384608931742036,0.02698619303110317
B*15:18,0.5682855390874928,0.296347753198568,0.4942548285028334
B*15:24,0.3726232251086896,-0.006316874946246668,-0.2688272760501748
B*15:29,0.1035267718545256,0.2196701745995248,-0.3617647074351928
B*18:01,-0.03233436505362735,-0.08395512032951695,-0.007070233465405983
B*27:02,0.06887612142484385,0.19707395116977,0.3139748290156525
B*27:05,-0.03943568019294561,0.01423098427625466,0.170820484054496
B*27:07,-0.1149478988900945,0.1655089172395299,0.291258815210009
B*27:12,-1.043565623008064,-0.110799996805766,0.2946240730857418
B*35:01,-0.05742622377922231,-0.02690670049477027,0.0676516706614249
B*35:02,0.06117287325884166,-0.03786188924004719,0.05621353962911619
B*35:03,0.02457672058092788,-0.06540166235172301,0.03473065731813208
B*35:08,-0.08559625164585709,-0.09955203217379224,-0.008601671171661265
B*37:01,-0.0684147046998844,-0.1483919171203429,-0.1593467097886362
B*37:02,0.2243288138246718,0.2366536107034707,0.3148401939441822
B*38:01,0.1262245893535394,0.05709879210293012,0.143035265806218
B*38:02,0.1679144929577757,0.5058924879550164,0.8963270714478135
B*39:01,-0.009610815606585032,0.08214642713272181,0.1606915225532728
B*39:06,-0.3786047993487664,-0.1912566865120748,-0.1717198091093976
B*39:10,0.2037634342354436,-0.1336363732735764,-0.1309557181794261
B*40:01,0.1454014939238187,0.0194632084875221,0.1512576271530797
B*40:02,-0.02320459801908387,-0.09429894281244079,-0.07805811939605713
B*40:06,-0.164833884437906,0.03465858785335262,0.2421438679571789
B*41:01,-0.04243220485189025,0.02972231980943938,0.07130690335531428
B*41:02,0.00268129929920945,0.007516353886153988,-0.03275006231381259
B*42:01,0.152443173886471,0.2500509801975718,0.1760342392047147
B*44:02,0.01973593218554368,0.06402286324579028,0.06616538203372974
B*44:03,0.09061005766410984,0.1116912041287162,0.1928378231967682
B*44:05,-0.2466792556936336,0.1213816497615463,0.2460296414696325
B*45:01,0.005088464994090051,0.09343232540730172,0.06639773862126006
B*47:01,0.3141772202541961,-0.04500812476341449,-0.09681872420430836
B*48:01,-0.1515794323859665,-0.3865482560010067,-0.3647108846650364
B*48:04,-0.3048249525351339,-0.2205838851731504,-0.04207162435517011
B*49:01,0.02191956135869821,0.06326228586620622,0.1175158308440342
B*50:01,0.04599470806657385,-0.06371376714352765,0.01621899975130132
B*50:02,0.1284453893194053,0.01267546364463899,0.1961996959607455
B*51:01,-0.03216111840230022,-0.06187874303762766,0.009189725902325236
B*51:06,0.3905486646073221,0.1367508466088246,0.4061517132205298
B*51:07,0.09994253295840627,0.105183909443788,0.05919238316545787
B*51:08,-0.3362240291753347,-0.1125997058374123,-0.05923304394995583
B*52:01,-0.06754490144483821,0.004397673951389568,0.04999595556788004
B*53:01,0.0003383171107565999,-0.06069215454257684,0.01921880955273797
B*55:01,-0.06819133625390952,0.02298915762160605,0.1644389990295874
B*56:01,-0.3507883990737476,-0.09760483154024738,0.1244202315486399
B*57:01,0.1598457041429948,-0.03032307904610412,-0.02942440458951984
B*57:02,-0.4515576236339699,0.1305621635972873,-0.2173310844128794
B*57:03,0.01513878633459133,-0.09106600661539954,0.1273715195966232
B*58:01,0.09480122589282859,0.1661906901479513,0.1498312952420729
B*73:01,-0.2286036882588268,-0.3142005540092672,-0.05830412726652871
C*01:02,0.2815266863536668,-0.03597888857423874,-0.1847618023262434
C*02:02,0.1218964378933783,-0.01775734542133517,-0.1017121978182477
C*02:10,0.5601238302310567,0.2224517190194978,0.05105035755211436
C*03:02,-0.028982895354075,0.03407255985741301,-0.02710569591337879
C*03:03,0.1531259324738611,-0.04900254079144799,-0.1577617479692096
C*03:04,-0.06673391064803784,-0.07861517776768776,-0.127980112260381
C*04:01,0.0651427494322777,0.006718164509347622,-0.04189800802909593
C*04:03,0.6657280501398926,0.08060914084455209,0.2744718954667271
C*04:07,-0.2333815168148395,0.06292012434120746,0.2869829018786431
C*05:01,0.1403856395799055,0.102576361298042,0.1155750551582726
C*06:02,0.05552858058003137,0.03995650171676365,0.03753493491934065
C*07:01,0.06916148678581152,0.02408055644732959,0.03768889539107655
C*07:02,0.07172317262484824,-0.02342406703765592,-0.007855773065729049
C*07:04,-0.007185811715919185,-0.01607618591868676,-0.02366289309763462
C*08:01,0.3072640036865253,0.2802651203446979,0.3638613098358017
C*08:02,0.206535895341488,0.08050798358397455,0.1167049449302951
C*08:03,-0.1452607691024728,0.4233991375345083,0.4164920625865196
C*12:02,0.06510733339166004,-0.0002089930914883825,-0.03752873788220461
C*12:03,0.02240088620102471,0.006416979546196668,-0.02420090518900563
C*14:02,0.1026913006506576,0.04678382550366166,-0.08157580405855859
C*14:03,0.07472949162263352,-0.05136567327740861,-0.1633516007087223
C*15:02,0.1315080067355563,0.1088933805360263,0.089558984043981
C*15:04,-0.05397404296599227,0.04924084456308161,-0.1927938933572653
C*15:05,0.2292673382585038,0.05424558251332964,-0.03184898491884905
C*16:01,0.1213885344065105,0.01965631175889785,-0.06618334636656194
C*16:02,0.04136241963926118,0.02142304435922199,-0.1102680039834924
C*16:04,0.1243979459884254,-0.03031835895530531,0.005784059366184229
C*17:01,0.1453081537648814,0.04162861939624053,0.05875166677780349
C*18:01,0.2249362594324822,-0.2553232059365725,0.06064951158485409
DQB1*02:01,0.007691590131339857,-0.04238974030396066,-0.02417280767151805
DQB1*02:02,-0.04128849243040366,-0.1937613638162503,-0.1525820473890964
DQB1*03:01,0.1207873271980313,0.02777387567085274,0.02118708504017427
DQB1*03:02,-0.04457274088115641,0.01441293040802445,0.08143986153612696
DQB1*03:03,-0.01311447202650897,-0.00018304726368205,0.01169405939312032
DQB1*03:04,0.2224043327728145,0.1000510118985985,0.2047210853155041
DQB1*03:05,-0.1134058675813683,0.02762558775768007,0.106808988365754
DQB1*04:01,0.05838902196717188,-0.1880334521125197,-0.02146032682126458
DQB1*04:02,0.04459513573369117,0.07791532092065806,0.1228490070235685
DQB1*05:01,0.1104036136911089,-0.03452971401421797,-0.07676095389838493
DQB1*05:02,0.03681207801144611,0.009595751143284216,-0.002281291737759227
DQB1*05:03,0.2197273623789248,0.04257863101178485,0.001480956293325939
DQB1*06:01,0.06157070013960985,-0.03956056272535283,-0.03347459397052398
DQB1*06:02,0.2538495110668143,0.01499176572966673,-0.007852812821591323
DQB1*06:03,0.1678835703099963,-0.003058126527035569,-0.03554322031301716
DQB1*06:04,-0.1153447620191457,0.1543998359053168,0.132168761228091
DQB1*06:09,-0.05210284234781851,0.09192983744923883,0.06928412859814509
DRB1*01:01,-0.0143634180011082,0.0805654839943229,0.08892320310361389
DRB1*01:02,-0.09797118016828252,0.06398621456980662,0.1045460394040424
DRB1*01:03,-0.02842808215708511,0.0736720872969868,0.1724373725664955
DRB1*03:01,0.188266129785109,0.2533411865436649,0.266934069821233
DRB1*04:01,0.03536650968825644,0.1409744145878175,0.1379144707636228
DRB1*04:02,0.1474705296751049,0.1434309467925528,0.06884235938310773
DRB1*04:03,-0.06031296739864579,-0.01559001834257031,-0.04270077714925376
DRB1*04:04,0.1052628174788803,0.1338949442126986,0.09651788146985033
DRB1*04:05,0.1552642167821766,0.1743276232482264,0.1333997202923566
DRB1*04:06,-0.2260279866948051,-0.1013067719604827,-0.2799381835463621
DRB1*04:07,-0.05297900180556669,0.286016089910453,0.3457078005419933
DRB1*04:08,0.09921464921167933,-0.02248303788449119,-0.05844060462812827
DRB1*07:01,0.07730084554730624,0.1630403124713506,0.1691609921472628
DRB1*08:01,0.03106602529724856,0.01064965381526108,-0.01078277943560449
DRB1*08:02,0.5051629235763585,0.115741360793614,0.2711119785887597
DRB1*08:03,-0.3344834784868327,0.0118420714507947,-0.004848480780403389
DRB1*08:04,0.04352267618976956,-0.1753932626021014,-0.08740322814281647
DRB1*09:01,0.07859447733539988,0.1532762875174551,0.01133272740523554
DRB1*10:01,-0.004790317367323884,0.2270408373493527,0.2307072726863348
DRB1*11:01,0.1002559334507667,0.2127600332423137,0.2385392706708843
DRB1*11:02,0.1382030360423709,-0.08435103154135346,0.02632641446077137
DRB1*11:03,0.1554829130182024,0.1375458897770472,0.1436359597921023
DRB1*11:04,0.013762986884084,0.1393820348778977,0.1268532849588972
DRB1*12:01,0.0234822489142124,0.1060257649405655,0.05988774082761912
DRB1*12:02,-0.2719484200367905,0.02178597514871073,0.07062524529516401
DRB1*13:01,-0.1920969574965183,0.01104215553532818,0.05349640149914564
DRB1*13:02,0.1081738764573186,-0.111733757084851,-0.1055947546940294
DRB1*13:03,-0.01653164874166957,0.05318096544045191,0.1497725966432459
DRB1*13:05,-0.08106055735913982,-0.01019123180364915,0.01721311073264196
DRB1*14:01,-0.2915704339739122,-0.05615873532339139,-0.0586308335655446
DRB1*14:04,-0.2752859638784862,-0.02991528094264169,-0.3137724061876018
DRB1*14:06,0.2804873051688655,0.1360084445569376,0.05545300178201023
DRB1*15:01,-0.2499815054266934,0.05506753756415884,0.01887560683526524
DRB1*15:02,-0.04779149289116209,-0.0339244718806578,-0.0323716137461678
DRB1*15:03,-0.663584810956443,-0.2793245769301809,-0.522858118781239
DRB1*16:01,-0.02484642852168934,0.00894517679612643,0.02880741530127819
DRB1*16:02,0.04458482330134063,-0.007315890659193471,0.03406588840069213
const,-2.668884552340726,-2.646157204532797,-2.670934492594976
MIN,-0.2529910443775956,-0.4060071589666762,-0.4225785570512528
Age_BMI,0.1917542253319357,0.1742298531768319,0.1595169555703666
Birth_year,-0.2275474881392265,-0.2639231825123531,-0.192773898748417
Year_BMI,0.1208522351450616,0.1647744832519648,0.09522465718210901
dapar_3gr,0.05078875323539421,0.05970521269528374,0.05339167616021135
Educ_GE11YN,0.01147660076154389,0.03397360977935627,0.03383322797053618
Israeli,0.2861004797852794,0.4102725349358879,0.2833529152126169
Eshkol_3gr,0.09392917272504916,0.12211143717665,0.1329754100651747
