,all_overweight_pvalues,all_normal_pvalues,ashkenazim_normal_pvalues
A*01:01,0.7655756076187105,0.6228161977845397,0.3989839423763063
A*01:03,0.1975765672730228,0.1760035525480882,0.7823535018682185
A*02:01,0.1822436946898741,0.6122111718379463,0.9791705489173541
A*02:02,0.2457966374640798,0.02742722332575947,0.4380764826984421
A*02:03,0.8952148415968519,0.01290506612984027,0.004182067160073245
A*02:05,0.2979178363362397,0.453277982026919,0.5455601459774517
A*02:06,0.1728731217407504,0.4626044408188029,0.2373920701990263
A*02:17,0.6371617691597393,0.3411791485462909,0.7315710405593803
A*03:01,0.4985644544049231,0.1163162195831645,0.1503586046247903
A*03:02,0.7051614980976282,0.4149239151346039,0.3324902651527577
A*11:01,0.1676016449918957,0.3119828328022358,0.6151815483697403
A*23:01,0.1378692985823373,0.700001683998543,0.9100572126646713
A*24:02,0.9261061715905639,0.4554134220272184,0.3713536913779046
A*24:03,0.8953355182784095,0.3120773948047331,0.9127813061419129
A*24:04,0.1299873271441848,0.1383303929590158,0.04642002033232517
A*24:07,0.4432462922432293,0.1660533628514003,0.03351852960144405
A*24:17,0.3056177020017113,0.1269715554844878,0.3489563166173463
A*25:01,0.1768237443628984,0.0004439550653048979,0.0001693492229896229
A*26:01,0.9420316136372399,0.4483983590798751,0.6871556474538789
A*29:01,0.6761796809006972,0.04558299993253499,0.09032557503736459
A*29:02,0.9860226525060598,0.6911631687635068,0.7244761232992978
A*30:01,0.03086830170394298,0.2264770070562779,0.4374907787549763
A*30:02,0.3511551497506812,0.1739445343732875,0.3236912131367189
A*30:04,0.6471406326891384,0.8479717918000493,0.3512256389130766
A*31:01,0.6357343905002493,0.001601482534394518,0.0326572623247685
A*31:08,0.143102424145981,0.9554966444370809,0.7128706152868296
A*32:01,0.3270092362653837,0.03448155132230892,0.03793719683374543
A*33:01,0.7029924845555267,0.8064104027743525,0.6169645079498665
A*33:03,0.5007202833148027,0.065213927424841,0.2210591156717649
A*34:02,0.0927069845662568,0.6334572197982468,0.7015061010499235
A*66:01,0.2054981983471998,0.465354211000096,0.3871904528405381
A*68:01,0.3927188042755566,0.001598366199980425,0.336336234354107
A*68:02,0.09303993277566965,0.08292931596581192,0.6628733913995644
A*69:01,0.8352313282627652,0.4667199282212759,0.2279935122355272
A*74:01,0.9075939923419979,0.632910022811606,0.1905520674849274
A*74:03,0.4643434483275902,0.2942477733489832,0.7346195504770524
A*80:01,0.7218307745916066,0.9407113378167038,0.6559341537659236
B*07:02,0.718756843985138,0.2121458868995599,0.5697163656789809
B*07:05,0.950295268820818,0.4201530302934073,0.7641324084454442
B*08:01,0.5201356854801611,0.3327705129088977,0.6010797219411173
B*13:01,0.7858171845378427,0.9283211699593743,0.6139361437158188
B*13:02,0.1756587048581989,0.2135482131443524,0.3750341221327902
B*14:01,0.4440062711587306,0.3117494408131202,0.216703518829118
B*14:02,0.9743345618747942,0.8034321071135534,0.9780237783495879
B*15:01,0.4846652596063916,0.4884432559188964,0.1012831233745949
B*15:02,0.7234881387828506,0.2208629710106527,0.6185774648419
B*15:03,0.6674746248118512,0.6548167939251535,0.005049102727209256
B*15:10,0.9297676766768906,0.3176694918578241,0.8581698992007423
B*15:16,0.2249665527255361,0.3703601477805218,0.6345204607448978
B*15:17,0.9383087954205688,0.4324149408014036,0.7002465363664281
B*15:18,0.04804638134255924,0.07051502256607262,0.02901806075895688
B*15:24,0.195035059123435,0.9748656378896823,0.4446324448226536
B*15:29,0.7645475958272883,0.2230916946517381,0.4021378948515008
B*18:01,0.6287217733969117,0.01714167479417791,0.8940886912113738
B*27:02,0.5396645966978983,0.0008468843610476482,0.0004248513378120717
B*27:05,0.7498426771032671,0.8335417037742351,0.09456798670107333
B*27:07,0.5376821413236128,0.05746137268350172,0.01912530019405101
B*27:12,0.0434082873307761,0.5826439790019525,0.3235829006194807
B*35:01,0.4151491991085299,0.4682571305705002,0.2236746878118194
B*35:02,0.393508723860298,0.3170452328656455,0.3156280376363708
B*35:03,0.7858679586948538,0.1799901688936952,0.6330743219189761
B*35:08,0.2153176135881567,0.005616486596856198,0.874464744900943
B*37:01,0.53168951327873,0.009944590066092163,0.06532176082861228
B*37:02,0.4129604953055156,0.1019742016202642,0.1899054365709603
B*38:01,0.08661069228514914,0.1414368727551084,0.01337140035824081
B*38:02,0.6145572756728872,0.009304784345333505,0.005692403695471391
B*39:01,0.9412148185873872,0.2023443601560967,0.07956198987938728
B*39:06,0.06204930090096204,0.06145998509587074,0.2432497430288212
B*39:10,0.4746843920354196,0.4094695453380659,0.7087933352405931
B*40:01,0.2136560581770225,0.7579636311222082,0.1217558309932423
B*40:02,0.851145206025131,0.1624004409077459,0.4316710848338065
B*40:06,0.3893247704945743,0.7196369169760346,0.1065936157529412
B*41:01,0.695191190545344,0.5913632933129155,0.3879272474383094
B*41:02,0.9828015015472262,0.9070306309664691,0.7345034505883044
B*42:01,0.540935940278467,0.04989752258914242,0.4263268995069541
B*44:02,0.8112168462444819,0.1451131612832383,0.3192727430387647
B*44:03,0.1757818487893444,0.00134464923687495,0.000305451034359265
B*44:05,0.1439577248354609,0.1575190100831875,0.04667917518533933
B*45:01,0.9719123271598665,0.2079362841694609,0.583916972284217
B*47:01,0.09497952702136052,0.6609915428390213,0.5848935511064468
B*48:01,0.7791222271052195,0.2174140356939567,0.447178800724357
B*48:04,0.686662978216461,0.5228211262888893,0.9461151982763409
B*49:01,0.7667604524597474,0.1001743691018713,0.05488073455385321
B*50:01,0.574590535367028,0.1442424207190155,0.8088278905126183
B*50:02,0.4453321842642156,0.8925995620608397,0.2426530779864468
B*51:01,0.6907162261546207,0.1482077645027109,0.8901794389869793
B*51:06,0.00844423803201919,0.07588077884015257,0.001088606048071181
B*51:07,0.640666035839409,0.366152243880266,0.754832178200971
B*51:08,0.01468239336896444,0.1039156618533334,0.6145220776520581
B*52:01,0.5446169950342121,0.9394872231578388,0.548540640408282
B*53:01,0.9967711944612194,0.1655863766580274,0.7902446969868433
B*55:01,0.500331846579066,0.6800370477966275,0.0549575896448506
B*56:01,0.04165714097347398,0.2836277008518148,0.3380183629714473
B*57:01,0.05718386770987496,0.4982683377650861,0.6641475908871588
B*57:02,0.3285354102004053,0.5405272937532866,0.7792806981309605
B*57:03,0.9359303876485529,0.35376301367003,0.3765397196565383
B*58:01,0.3032107247797229,0.000347584795823345,0.02956134718087707
B*73:01,0.3025732941253069,0.01081013893594706,0.763554172948677
C*01:02,0.002600712286007957,0.4902636484563122,0.0181168820105993
C*02:02,0.116579589370841,0.6725178998589099,0.1345818792397279
C*02:10,0.005741303365294524,0.07277993293520198,0.7742608598512364
C*03:02,0.8022916395585487,0.5488477039139501,0.7669850290113344
C*03:03,0.09984368079861629,0.3399010784109924,0.04296688156253157
C*03:04,0.5324401668325272,0.1722310467845972,0.1491449510589703
C*04:01,0.2351851770631671,0.8139121513369563,0.3273182745531318
C*04:03,0.08021927165209788,0.6969253076406645,0.4551852401652359
C*04:07,0.2303545813594241,0.4432985292941752,0.07131905757227597
C*05:01,0.06778196857394544,0.0118027951903616,0.04814063618849633
C*06:02,0.3761866033825042,0.2285416924561535,0.4658986196061455
C*07:01,0.2119695663273697,0.4038170235661332,0.3926602038848964
C*07:02,0.2919972693849257,0.5251227573086441,0.8915984521830012
C*07:04,0.9502744217486263,0.7870556331089001,0.7925897588496209
C*08:01,0.5449094297914949,0.2939501072453015,0.4578181385220949
C*08:02,0.3640343036277226,0.5165199574854361,0.5178379517873766
C*08:03,0.8036293968790836,0.1990811343652851,0.408280533770281
C*12:02,0.5170259473439172,0.9967711025013845,0.6022096548377139
C*12:03,0.7142452533699089,0.8423592500588949,0.6145304365373336
C*14:02,0.3355522783022759,0.4045477584867032,0.3650008817800977
C*14:03,0.6442920310206551,0.5751567089757892,0.2813558443924801
C*15:02,0.1105654317889672,0.01243181155404412,0.1917602375682095
C*15:04,0.7317105170689711,0.5262178304543232,0.1164654298541388
C*15:05,0.1413724816840377,0.516891139131288,0.8143394124327151
C*16:01,0.1716620380789181,0.6770230487017161,0.3549286842499183
C*16:02,0.7361627035302482,0.7330604490491563,0.2860162992829224
C*16:04,0.1131420679742321,0.4660245435038406,0.9268709122999119
C*17:01,0.1739602004041841,0.4449060240372124,0.4730077996604519
C*18:01,0.5637184564725366,0.2317753137652341,0.9245103932619512
DQB1*02:01,0.8978493168220455,0.1745559751050998,0.6328380251762746
DQB1*02:02,0.6187706120782392,2.099304835881313e-05,0.02040020406326773
DQB1*03:01,0.01116646902671746,0.2728626816026352,0.5756638659537414
DQB1*03:02,0.4777127919273123,0.66246199012432,0.1252541317514682
DQB1*03:03,0.8886686763444143,0.9970174987460174,0.868956584324532
DQB1*03:04,0.1586048531685406,0.2348534036815312,0.07866766621733587
DQB1*03:05,0.2321293427830103,0.5609699399754481,0.134968986750008
DQB1*04:01,0.8098429688640025,0.1873177173721606,0.9385538190113165
DQB1*04:02,0.689489626386243,0.1835671800466067,0.1731275796452748
DQB1*05:01,0.2100414188260633,0.460276188169999,0.3043014499340757
DQB1*05:02,0.7802302650596642,0.8963635175867462,0.9838206875779346
DQB1*05:03,0.0695387056915483,0.5271399694018242,0.98916565198385
DQB1*06:01,0.6426817447899649,0.5781666406735413,0.7905383297899875
DQB1*06:02,0.05056522551336406,0.8168858996103502,0.9409797408906315
DQB1*06:03,0.03179080282925788,0.9428305200692277,0.5523198034024284
DQB1*06:04,0.2990279918642823,0.01222396580905765,0.2245557905853258
DQB1*06:09,0.6661475522791089,0.1631234059673385,0.5337707060351247
DRB1*01:01,0.8967278846299976,0.1732522428186679,0.3272307682835683
DRB1*01:02,0.3209576684190355,0.2177747508726531,0.2061816730255124
DRB1*01:03,0.8561162636405073,0.3886854924599897,0.1486938625971849
DRB1*03:01,0.006863298847055151,4.452426166290805e-12,5.57007883501473e-06
DRB1*04:01,0.7228531636520334,0.005793934424794499,0.06588659734483379
DRB1*04:02,0.04648081886241525,0.0002719889710765388,0.2651572016621415
DRB1*04:03,0.4312994414409368,0.6974723340739601,0.5066307818526086
DRB1*04:04,0.2761910040731559,0.007785514612288763,0.2221738054178847
DRB1*04:05,0.06430380632788098,9.774525646113341e-05,0.0685061336872447
DRB1*04:06,0.2289515244394261,0.2988426381930301,0.09391530612833744
DRB1*04:07,0.7822324701708229,0.003649487307781265,0.01350627291238157
DRB1*04:08,0.6257541320961975,0.839289541800875,0.6989445134409553
DRB1*07:01,0.2522571073714175,4.09631954421027e-06,0.002593970592709331
DRB1*08:01,0.8353432933576584,0.8918152085635664,0.9264936120343611
DRB1*08:02,0.08032609085109763,0.5477131429939348,0.3810245934274951
DRB1*08:03,0.141891028330143,0.9140254769580006,0.9767109526926119
DRB1*08:04,0.7546793759972024,0.02064425127421304,0.5293842150151502
DRB1*09:01,0.6023487284844212,0.05241141585279575,0.9253459808840437
DRB1*10:01,0.9610748127135248,1.109547215257256e-05,0.004678696643308793
DRB1*11:01,0.09095726616695744,2.262633050441776e-11,4.214674644039594e-07
DRB1*11:02,0.5120416395269847,0.4901736267340281,0.8911412367368599
DRB1*11:03,0.2248418000838733,0.04920833181522299,0.1460138170033717
DRB1*11:04,0.808625727718849,4.77288243899672e-06,0.005347556548512753
DRB1*12:01,0.7543403523862491,0.006779247654548,0.297417388493399
DRB1*12:02,0.2854510948954995,0.8644440905810575,0.7122026796417511
DRB1*13:01,0.04059020723388079,0.8282113625450438,0.4625044263452096
DRB1*13:02,0.3212836176544115,0.06652280851206833,0.3254402757276729
DRB1*13:03,0.8182656466782836,0.1665997405439493,0.01033153384087633
DRB1*13:05,0.3072843597862475,0.8136646728160241,0.7825831500431711
DRB1*14:01,0.01902902266587089,0.4143481219787579,0.5951714593165073
DRB1*14:04,0.06881915775286296,0.719222311945555,0.03537185398152169
DRB1*14:06,0.2099811378647133,0.3047573070017819,0.8048776178967267
DRB1*15:01,0.05005390665459697,0.3903029258068604,0.8554831406085862
DRB1*15:02,0.7305281079162307,0.6482565473031416,0.8048799101996293
DRB1*15:03,0.01876813906604446,0.01637897225290363,0.1703799430208059
DRB1*16:01,0.8572478218490684,0.9083724958312331,0.8098867066568439
DRB1*16:02,0.811057418391219,0.9461903872502688,0.8352032575698045
const,1.687940230868126e-95,0.0,1.26366190278967e-154
MIN,4.491082289629866e-30,8.938737008896891e-266,1.138902663825386e-131
Age_BMI,7.044253910577141e-36,5.240347693609753e-97,5.140934099963805e-41
Birth_year,0.0763256669680226,0.0002428184467055176,0.07003677436833389
Year_BMI,0.3406357016969126,0.02039995150833556,0.364090320320113
dapar_3gr,2.2173641784962e-06,6.618030555936791e-26,1.260194637777115e-10
Educ_GE11YN,0.2704175100886608,3.576602194698544e-09,7.229277951343264e-05
Israeli,2.155940693346714e-14,2.463408392720405e-96,8.591860322317009e-24
Eshkol_3gr,4.044980181847147e-19,1.269234975847236e-105,1.028397527772172e-57
