,all_pvalues,ashkenazim_pvalues
A*01:01,0.7061776003701113,0.4690647060685806
A*01:03,0.4948087156809804,0.7649386730411215
A*02:01,0.2893187936754412,0.9041509531458479
A*02:02,0.01112947324821682,0.2957902328580324
A*02:03,0.0408049029401144,0.00502046142528125
A*02:05,0.2506850990952312,0.3640654534734847
A*02:06,0.9239735300341263,0.815228176576501
A*02:17,0.2994477923260123,0.3609899447400511
A*03:01,0.08916388529950305,0.02703021617990746
A*03:02,0.3462423729157921,0.2543033290043778
A*11:01,0.1122715103991093,0.3763314385598379
A*23:01,0.3332647747967743,0.5466249249267696
A*24:02,0.4972377588844471,0.3226293207127384
A*24:03,0.4388766872927913,0.6875255632129389
A*24:04,0.5453483430985162,0.3056684696855435
A*24:07,0.119548942382887,0.3374245651591121
A*24:17,0.09563799221747077,0.1889891972439655
A*25:01,0.0001975417620913058,0.0001558054748768014
A*26:01,0.4818308933194387,0.7412655111416044
A*29:01,0.05583474680677832,0.09928897628772013
A*29:02,0.7518939518570628,0.7689734746592822
A*30:01,0.04366900783466687,0.1410592356192597
A*30:02,0.4352189650157814,0.6637390764618303
A*30:04,0.6891370187055297,0.2263798626957462
A*31:01,0.009674067782549029,0.1692167815377492
A*31:08,0.4369543847217463,0.6006867474002908
A*32:01,0.01743888651650497,0.03551402577878928
A*33:01,0.9122170088395278,0.6665107769741289
A*33:03,0.0591362639616967,0.03070470012606463
A*34:02,0.2439544153074518,0.3033125584782188
A*66:01,0.9703272655383387,0.3195057562394933
A*68:01,0.001551935668626667,0.2866586518921361
A*68:02,0.0174199219958333,0.7465740392174522
A*69:01,0.439494738338837,0.143178180832507
A*74:01,0.6013086501101488,0.2005984191923407
A*74:03,0.4280610638508399,0.8626185148633898
A*80:01,0.8007420338139688,0.3296956033769762
B*07:02,0.2535214169132409,0.525863803042217
B*07:05,0.4986958576339182,0.760456473249591
B*08:01,0.2602449186614415,0.2906625924068533
B*13:01,0.8638697317936379,0.9638069488070473
B*13:02,0.09399723721801152,0.3476835787345761
B*14:01,0.2033936358774145,0.08673795930616576
B*14:02,0.8173830280266132,0.539523049288752
B*15:01,0.3710555460944486,0.03969973622941957
B*15:02,0.1968463873416791,0.7573078425947687
B*15:03,0.6512085515679555,0.03083289266584973
B*15:10,0.3277221346268088,0.5350200894243833
B*15:16,0.1719626778783228,0.4065789129764446
B*15:17,0.4897160902980964,0.5079540046430977
B*15:18,0.01197892399049884,0.004601669346538699
B*15:24,0.4898175359944917,0.2875553912867148
B*15:29,0.2237217320570616,0.623044244278026
B*18:01,0.01724449289518736,0.7985349341747496
B*27:02,0.001834363073638777,0.001688911476457026
B*27:05,0.9924825025892187,0.1237769154131852
B*27:07,0.1868406278632108,0.125253039795008
B*27:12,0.116689977104742,0.8141827884800507
B*35:01,0.3105236795030563,0.1931084532233446
B*35:02,0.5769321102278251,0.2585695430240572
B*35:03,0.3205427881285922,0.2669986872295073
B*35:08,0.00228519379310172,0.9557201769827651
B*37:01,0.007435675038590706,0.04975972583214206
B*37:02,0.0785736440606657,0.1335626530347776
B*38:01,0.03946093082235777,0.004641101439914294
B*38:02,0.01732590811554582,0.008981216545934284
B*39:01,0.2478953451782566,0.1869123455597622
B*39:06,0.01051701063534019,0.07663271841676735
B*39:10,0.6436507947398825,0.612147291829557
B*40:01,0.4346100264129623,0.2265518577714123
B*40:02,0.1332138342301868,0.4273942205428404
B*40:06,0.8455943998989397,0.4840456733873012
B*41:01,0.8105236186376006,0.7246034234105725
B*41:02,0.9394399691750177,0.6281045062042421
B*42:01,0.04040871960035688,0.363959237604672
B*44:02,0.1804453988183938,0.104600953971452
B*44:03,0.0008340828615719883,0.0002813269093380524
B*44:05,0.6776832697826598,0.1387783485997692
B*45:01,0.2400731249792577,0.5401133845069703
B*47:01,0.8269772736069098,0.8367549333308462
B*48:01,0.244268818415367,0.382454389245907
B*48:04,0.4469463869497899,0.9927499633325707
B*49:01,0.1301175409325704,0.08349223117565246
B*50:01,0.2820880733539987,0.8293628306399439
B*50:02,0.6172297606486234,0.1174063424330344
B*51:01,0.1144878223058422,0.8883756573202382
B*51:06,0.007322456316948564,0.0003273840454018245
B*51:07,0.3593288650600471,0.9188121974379286
B*51:08,0.009556817003477519,0.08268623135773803
B*52:01,0.8431119851281975,0.6956024840109523
B*53:01,0.2031943570219819,0.96275071401732
B*55:01,0.9653022322824097,0.07220724177208517
B*56:01,0.05331462716393669,0.5461398417788225
B*57:01,0.8443206021201488,0.9135662500507534
B*57:02,0.9420265915627124,0.3841831141785494
B*57:03,0.4040328574764193,0.4126148121586227
B*58:01,0.0002914148442481658,0.05004584407385818
B*73:01,0.006891255987677791,0.7051804221472107
C*01:02,0.400200031698089,0.1003182471978823
C*02:02,0.6609316051486391,0.5048170216009915
C*02:10,0.00236857916373596,0.2379583145639079
C*03:02,0.7003527638577869,0.5677437478474117
C*03:03,0.9908574273446222,0.1347429553845861
C*03:04,0.1617327776495527,0.2960853950306115
C*04:01,0.4318676640869903,0.7481696632442227
C*04:03,0.2636210683569103,0.3512592535245829
C*04:07,0.9156663338227066,0.06789141154595082
C*05:01,0.001922530789812205,0.02097142104249194
C*06:02,0.1271375533605061,0.1677604596710379
C*07:01,0.1910753824863175,0.1534655181980753
C*07:02,0.9570348200194371,0.4422700214556053
C*07:04,0.7961658250306421,0.5261375330803053
C*08:01,0.2372272962024971,0.5569666687066466
C*08:02,0.3320123385085665,0.1366540462453582
C*08:03,0.3151784360132364,0.5453224365031889
C*12:02,0.80428707475544,0.8092227359256565
C*12:03,0.7446535005683355,0.9804168374391226
C*14:02,0.2252675074100283,0.8581964913768195
C*14:03,0.9101402574880197,0.4768122957543306
C*15:02,0.002408620153546944,0.03466224004115179
C*15:04,0.6858294684870246,0.1413596360149908
C*15:05,0.2280817894100295,0.9065976319074862
C*16:01,0.2652157335676602,0.8737020007953509
C*16:02,0.6507917168478061,0.9279322354276702
C*16:04,0.9179089644288623,0.9046958395905906
C*17:01,0.1729967805462354,0.1202312790297665
C*18:01,0.4474574861217012,0.4060476813484146
DQB1*02:01,0.2769312976058116,0.3312694746682164
DQB1*02:02,7.170579113118018e-05,0.007133835802404605
DQB1*03:01,0.03412729362171029,0.4495759460298598
DQB1*03:02,0.9477798126609751,0.2556432841408244
DQB1*03:03,0.9060368919444015,0.842444005688547
DQB1*03:04,0.0879343323909559,0.08880185862783424
DQB1*03:05,0.9962809222915273,0.5204627669447834
DQB1*04:01,0.3409598631316711,0.8360535854393736
DQB1*04:02,0.1541352834229394,0.303508473327045
DQB1*05:01,0.9391591771479486,0.4159580086828057
DQB1*05:02,0.8324894082456247,0.6933196662557348
DQB1*05:03,0.2023080043152603,0.7457489180450082
DQB1*06:01,0.8614542834374248,0.9625119588358813
DQB1*06:02,0.2797848581384189,0.9431846556580544
DQB1*06:03,0.3551953216040742,0.7438151355882212
DQB1*06:04,0.07775937876425286,0.8536364799654443
DQB1*06:09,0.3089297263141491,0.644122439115155
DRB1*01:01,0.2466795601932779,0.5575312774994401
DRB1*01:02,0.5317976413845079,0.2980737481624487
DRB1*01:03,0.501074515364401,0.2350714773655027
DRB1*03:01,2.010299586129159e-13,8.525194848127577e-08
DRB1*04:01,0.01096830919218009,0.04075430639243036
DRB1*04:02,3.835168967235139e-05,0.1010313808012095
DRB1*04:03,0.4806800386495634,0.5556428148905284
DRB1*04:04,0.005716563650004387,0.3003442512393116
DRB1*04:05,2.146044888905489e-05,0.07928570590021748
DRB1*04:06,0.1138356450127132,0.02880224014056607
DRB1*04:07,0.0120059340803737,0.04812520111414859
DRB1*04:08,0.9633478404073261,0.9782820904252358
DRB1*07:01,4.772585465968413e-06,0.0005740032931242615
DRB1*08:01,0.8688888068895149,0.9331955304466657
DRB1*08:02,0.1207579332035994,0.0774286788173141
DRB1*08:03,0.5575108196997962,0.8412677410054894
DRB1*08:04,0.04190883750744088,0.5086283094986441
DRB1*09:01,0.05150636316857617,0.4792969650263412
DRB1*10:01,0.0001436059300522265,0.01904878844020601
DRB1*11:01,1.688920195650876e-11,2.493265885918962e-07
DRB1*11:02,0.7190874409674133,0.4002337366544295
DRB1*11:03,0.02255959431087774,0.04833402232884298
DRB1*11:04,2.717563361768951e-05,0.004490439637007626
DRB1*12:01,0.01541042365473411,0.3462519894393383
DRB1*12:02,0.7581652746491006,0.6776481684706469
DRB1*13:01,0.4537859216602024,0.8173510524371659
DRB1*13:02,0.212170465116847,0.6786280172267851
DRB1*13:03,0.2516520499563629,0.01961857231792903
DRB1*13:05,0.5292237829533352,0.8291521278958339
DRB1*14:01,0.08704493820498983,0.252718170642106
DRB1*14:04,0.2819794870731197,0.01963633023143043
DRB1*14:06,0.1167660791848168,0.07363218519830896
DRB1*15:01,0.8955444717764529,0.9695730540811209
DRB1*15:02,0.5122905123607377,0.8313348166179694
DRB1*15:03,0.0007004723579776746,0.1559092833415406
DRB1*16:01,0.9091490378226663,0.4804556739248376
DRB1*16:02,0.8875177014209941,0.332355944864709
const,0.0,4.336962406394816e-197
MIN,8.725455522808011e-296,6.33901558995054e-153
Age_BMI,1.075190882848078e-120,2.674282074588919e-53
Birth_year,4.720737613550125e-05,0.03952256910071574
Year_BMI,0.008771376369233435,0.2789908071153708
dapar_3gr,9.557156999108207e-22,8.09154044107432e-10
Educ_GE11YN,5.692311218847045e-06,0.0001157845715528269
Israeli,2.942805977996543e-108,2.391505706069981e-25
Eshkol_3gr,4.05342381536051e-122,7.049392390214661e-70
