,all_soldiers_normal_coef,all_soldiers_normal_pvalue,all_soldiers_overweight_coef,all_soldiers_overweight_pvalue,ashkenazim_normal_coef,ashkenazim_normal_pvalue,ashkenazim_overweight_coef,ashkenazim_overweight_pvalue
A*01:01,0.01513074279320685,0.5437784925460771,-0.005653006129759581,0.9030176804006154,0.02722462489513404,0.4619039977598155,0.02192945318854425,0.7510258258996837
A*01:03,-0.1104908739285745,0.06691007071035733,0.1619039313788728,0.1409460895528825,-0.03831464403356494,0.7136535897646339,0.2666649248107703,0.1406311334533462
A*02:01,-0.01425324741249182,0.572463950797328,-0.05154418821225758,0.2755705752035857,-0.005064302912390636,0.8918340559368436,0.03434547612760924,0.6214339221772311
A*02:02,-0.08423664618105713,0.01740591790563302,-0.06382621112973327,0.3346240206289754,-0.02917826704547581,0.6082028515827473,-0.02764524494356082,0.7926578556274944
A*02:03,-0.7083166227255296,0.002532931404290277,-0.03762248278829541,0.9045796893466446,-1.828672949750879,0.002998026339500572,-0.3007394005180763,0.6692577997310369
A*02:05,-0.01646756444758192,0.6463366658060561,-0.09302967092195377,0.1707528428133614,-0.02716168439874216,0.5994514170170867,-0.06911618893184307,0.4826757408257689
A*02:06,-0.1679536064017949,0.2310101025758382,0.3054497824666412,0.2396813910428324,-0.23258009314359,0.2513686434999846,0.9106236440008684,0.02456126247987729
A*02:17,0.04746529449448178,0.3912975450029684,0.05366783775651828,0.6027466379060791,0.0356283310399718,0.6846418237569794,0.2131998448238839,0.1505268640444291
A*03:01,0.0425013562594114,0.1345182930319511,0.02931549636438633,0.5765187204777499,0.06609626577255512,0.1175595905303999,0.1538196692678152,0.04662400214337047
A*03:02,0.008266440781173322,0.7668809257409671,0.01800738036424108,0.7292649609895954,0.01950913074337289,0.635587099506673,0.07738940206421689,0.3126270044959998
A*11:01,0.03300421618050201,0.2402647062911627,0.05960502705328429,0.2501452715365609,0.03537818334887379,0.3939388152646652,0.0788510507175417,0.3060277916974096
A*23:01,0.0152520097806936,0.6300211868325555,0.07205693145223796,0.2238776729590982,-0.002014673533378815,0.9663217964782698,0.1258952733218085,0.1553688699688838
A*24:02,0.02415959386620085,0.3412574492163063,-0.009330671691541927,0.8439054404849293,0.03707280217550901,0.3216320597849449,0.03438147899622113,0.6242363057964975
A*24:03,0.04038707405102773,0.4242604237390534,-0.04558579104278582,0.6416538161691616,0.01133264881823127,0.8746979699880851,-0.1602759103689722,0.2683255265174465
A*24:04,0.05947311650550014,0.4780158940762262,-0.3088775374735832,0.1119201402962634,0.2034345711190607,0.07735483419035061,-0.7298590452967927,0.03563882152776095
A*24:07,0.1333608214328593,0.0466962975040535,0.1212067652773797,0.3606062225099504,-0.2344605578182505,0.07492976475004205,0.4816962548150885,0.01875348590132363
A*24:17,0.1075184249744167,0.1147610955173121,0.1162107391968734,0.4285383676254741,0.1167928356585602,0.3112502471843804,0.2725319165921549,0.2159097441305349
A*25:01,0.1439304338579018,0.0006559488830344839,0.104493062671477,0.1923290782893489,0.2097672165656057,0.0003505070997715457,0.1427073905156036,0.2149042685796666
A*26:01,-0.02006357779297101,0.4764161254384196,0.00208401757222421,0.9683798134346883,0.01556881628500511,0.7013462537503607,0.02831197228797159,0.7136445255494216
A*29:01,0.05813567165246924,0.09392541069514382,0.03902183952646526,0.5512877419238835,0.06105289315146786,0.2226269655522733,0.06949132422587379,0.467490491514752
A*29:02,-0.02603756605125922,0.5839549982056969,-0.002474811161794792,0.9775003918610323,-0.01801888526563427,0.7971767620096413,0.1478297886758597,0.2384906519596978
A*30:01,0.04164538043287377,0.2041208583666287,0.141417349874578,0.01864071147527204,0.04813929217970053,0.3343908552778262,0.1727966519671334,0.05735623725636903
A*30:02,-0.05957147166428826,0.1140296734310883,0.05752635693752429,0.3995531545896847,-0.06407460284342925,0.2636336307062948,0.140756713865997,0.1728061696433935
A*30:04,0.02046235632770264,0.7531435779221092,0.006126850213715346,0.9605239014200849,0.11101774713298,0.2754987517071359,0.1020593096817787,0.5851691114086173
A*31:01,0.1244606987837574,0.005733536139706129,-0.05053207154554804,0.5680157749599924,0.1168869902344892,0.07295189754977668,-0.1738948592334987,0.1964666183283394
A*31:08,-0.005865808325929126,0.9315771213095995,0.1801776320754239,0.1240696300905377,0.0135879962425604,0.8830032259151125,0.1058725690552478,0.5199856372975586
A*32:01,0.06093474298901118,0.04324294628950619,0.03803048595620386,0.498299454554202,0.1077649140518119,0.01623491008903835,0.05472238935366999,0.5157599018914967
A*33:01,0.005521908800520168,0.8726903194042427,-0.04253167664483587,0.5066758554204398,0.008324403749438969,0.869561706992235,-0.04584256866735669,0.6315213517326572
A*33:03,0.1235499246365665,0.0363666776231111,0.06341506442710465,0.592725821980359,0.1129284335774966,0.204280630114699,0.3814487678040586,0.01710156124085428
A*34:02,-0.1397995376750845,0.2943583749437919,-0.3498684076575365,0.1636092010662265,-0.03978973662338152,0.8552473798556679,-0.4987707941021742,0.2030372006708376
A*66:01,0.00909574655974274,0.8380192467655072,-0.1047635001182198,0.226476390608372,0.04629779656469467,0.4680554016745098,0.07465019472941088,0.5342279804822802
A*68:01,-0.1123801483759702,0.004830802233554355,-0.07366577263879658,0.3217600028579823,-0.04438604885156277,0.4566548140170889,-0.04015662343166668,0.7174943264620588
A*68:02,-0.0467211310747124,0.1718618380908432,-0.1221665648530571,0.06062042105121956,-0.02820502707258752,0.5781915373951297,0.0306214662548125,0.7486165163901077
A*69:01,0.02473820251333576,0.6058885791117995,0.002565510551761484,0.9768464665557547,0.08827504335705032,0.2018327308571257,0.1008126483270511,0.4313970037147267
A*74:01,0.02255434241138808,0.8488564505983749,0.03791566211406227,0.8706298302664864,0.3267152242449616,0.2151820578638045,0.1372717751324621,0.7661167775343469
A*74:03,-0.2428399348883913,0.244452118042381,0.3370240889763093,0.3816964458253422,0.3185653474212687,0.6699155685597038,-18.54282480255516,0.999400059596841
A*80:01,0.01280324607156307,0.9359971793191225,0.1177518226479205,0.6929866554352505,0.05482022700652212,0.8080751776715565,0.503090059036028,0.169590673444885
B*07:02,-0.01618619268672182,0.7341470308337683,0.07479132850136144,0.3920329757516338,0.01108702981498283,0.8783441246536658,0.02765987916819584,0.8331393299106066
B*07:05,0.007453067574196026,0.9328041153422763,0.02408322410724132,0.8826363739074543,0.1233141024680617,0.3793675471700925,0.04823163698563909,0.8457643737908499
B*08:01,0.05860360270113561,0.1654320910252169,0.06732607250245726,0.3925261184432736,0.08471162580343583,0.1881937023856829,0.1824385024536135,0.1223178825904932
B*13:01,0.04531213805415681,0.796584266022274,-0.05242767274094247,0.8874882063180398,0.2564055776267217,0.388606732617811,-0.7163267283670626,0.4141433083171797
B*13:02,0.07146115921004215,0.0973486835676297,0.07800790052076709,0.3295522538199553,0.08887971207764703,0.1833160014737515,0.07290069086274799,0.5524693700347574
B*14:01,-0.1194911216631077,0.4419993297907751,-0.3343624492058562,0.2605030233844282,-0.236704750865775,0.3101814007771565,-0.64263411655264,0.1714714837285309
B*14:02,-0.01516061246429382,0.906539547286675,-0.0418411385338025,0.8610688511753816,0.0163847345557934,0.9303921277329106,-0.5319582654257251,0.1781262377998685
B*15:01,0.07703107022963446,0.1683440726206448,0.06969122455642511,0.496708009157797,0.1405715458494837,0.09300758010050583,0.2422108036346824,0.11314017596032
B*15:03,-0.004359317763116318,0.9474212018405918,0.07064511485677975,0.5690857049202387,0.3345330175233217,0.003375222936552853,-0.1308359994049555,0.5814558821556786
B*15:10,-0.1432281376952168,0.4111016166283311,0.006731581660324693,0.9819298228203932,0.1377892447172631,0.6250461593523264,-0.9672380830137273,0.189082978307204
B*15:16,-0.1010364923878125,0.5260177648757955,-0.2850127692511584,0.3708668091470328,-0.05421471619255685,0.808465049136441,-0.2935782002161232,0.4837175543826857
B*15:17,0.05401840737783781,0.2388246536172191,-0.01609351013618377,0.8525218929640326,0.07407999780451677,0.3136907800180542,0.08340639561476514,0.5347460059790301
B*15:18,0.2682229301108094,0.1160775903648351,0.6936696721694707,0.01647920361507843,0.4653436359661389,0.04751980706957557,0.995113746925831,0.02078659405540165
B*15:24,0.04692448456364888,0.8187606706559515,0.4013138533601172,0.1658650913474664,-0.2570958254894584,0.4661627173009804,-0.4715407981448482,0.4455948218878307
B*15:29,0.195749881954064,0.3010237048369331,0.06700816729509483,0.8526155343613031,-0.3421621913487179,0.4289677974819529,0.2985067721622716,0.5994369725677036
B*18:01,-0.06866347869229507,0.0649672406793367,-0.0214064462962009,0.7587199860971178,0.01529353589026476,0.7835793476659092,0.003549946075780693,0.9728858585767644
B*27:02,0.218140465063096,0.000537795881061278,0.1515978292853387,0.1964909932713117,0.3544631782222847,0.0001623183716427897,0.06162496313727273,0.7256711262646902
B*27:05,0.0303817741503665,0.6688885583620499,0.02597951033653747,0.8389437385417554,0.1804863762087414,0.08974198458675256,0.0674853704779632,0.7302211094162805
B*27:07,0.1867819712434102,0.03817765087335269,-0.1680740668288285,0.3905937878843826,0.3063877705485726,0.01623251374082666,-0.3518542389329863,0.220519688576158
B*27:12,-0.1733109673362611,0.4154315385166514,-1.001854062110439,0.05287253774558936,0.3353348042825845,0.2626674689736561,-0.7785737148657618,0.2895648516517698
B*35:01,-0.01580676474040756,0.6848970695932082,-0.03889793961120471,0.5949292462243394,0.08766458794941666,0.1303727100010694,0.05487673347557936,0.6123998272856911
B*35:02,-0.006690737436898938,0.8664113586009009,0.09336963469054121,0.2103010205418098,0.08469293987167804,0.1480040844849187,0.09881919471761992,0.3655495391535074
B*35:03,-0.04134472021008736,0.4122721614708827,0.01756830533852507,0.8504127898327706,0.06681199745861521,0.3725755005805655,0.148419413405599,0.2739411382713679
B*35:08,-0.07568515790447718,0.04731319563602399,-0.07100913302415804,0.3265926926172925,0.01456236299039076,0.7990474433202899,0.06322511497980125,0.552386502777754
B*37:01,-0.1397896225107331,0.02191906107267607,-0.1044833958419329,0.3615852792261007,-0.1479149366380825,0.1044924822873424,-0.039628946968688,0.811297984113831
B*37:02,0.2436363350420538,0.1101736236117953,0.2316969229407998,0.4247115408607482,0.3303143190387181,0.1796451325020132,0.4607687737141732,0.3202362285873516
B*38:01,0.08401385715566184,0.04090634314556014,0.1301822492233782,0.090174861312392,0.1776385011554134,0.003471618705046503,0.1600038290437367,0.1601316843231673
B*38:02,0.5765891496295932,0.004799421542309142,0.3003792471490944,0.3766493015749073,1.003764109433525,0.002919804533238219,0.5576805179685697,0.4412977570244244
B*39:01,0.1026400148920077,0.1323438263882411,-0.02253506454609711,0.8701796565458888,0.2265206032687791,0.01840605632050156,-0.08021027484620111,0.6883549621783713
B*39:06,-0.1677933786285586,0.1185416635996455,-0.2985065376004928,0.1455660296106349,-0.1699416785582725,0.2741024570578506,-0.3995821922321957,0.2164722901402091
B*39:10,-0.07133548317423379,0.6681267731563354,0.1851199057181,0.5312817281545477,-0.2107085175887816,0.5697881942408363,0.5186793871597309,0.2617472012663506
B*40:01,0.09074468385686678,0.1792177484819171,0.1282422904842994,0.3017552014487768,0.2550713687370009,0.01378475598675563,-0.02299535971959349,0.9068646859724399
B*40:02,-0.083225130011762,0.2379359957379285,0.01800896146032981,0.8872250122657592,-0.04036585890028246,0.6938570643296182,0.02681927072573915,0.8826242900247326
B*40:06,0.04509622384947708,0.6507452135630669,-0.231395549549555,0.2548936686186026,0.2738657100901115,0.0707715061921767,-0.3500902807176821,0.2683935131550179
B*41:01,0.02478886586737397,0.6698797952991291,-0.02323988097601698,0.8359201188743517,0.08889471476241508,0.2996532499631736,-0.1046603434733391,0.5363486423499404
B*41:02,-0.005226665996067813,0.9386026147858636,0.04796589996485245,0.7103528204672989,-0.02574548412449598,0.7981245739612661,-0.03861262314141961,0.8411345531423475
B*42:01,0.2541043213906157,0.05832842392590976,0.1542519176931923,0.5615312515989475,0.1667471000486304,0.467714847925222,0.2578669563026035,0.5209118856941435
B*44:02,0.06867922791348749,0.1374492277613678,0.03510120957821954,0.6835959875839301,0.08110638319771735,0.2403929274120195,0.230511137784427,0.07523485912200972
B*44:03,0.142476132957974,0.0001138532417348942,0.1105081473961944,0.1148183642408509,0.237276141624331,2.28899330686258e-05,0.1586295784662923,0.1326691860325999
B*44:05,0.1582264268959301,0.07202829784076369,-0.246320548073665,0.1579308868910059,0.2995653822743302,0.01713557207799954,-0.1269202380274849,0.5919830390700498
B*45:01,0.06456953912433085,0.4129563932220894,-0.008783402120370574,0.953419490728261,0.06846530825501801,0.5870941444477775,0.04178303539297665,0.8518221603601459
B*47:01,-0.05500455254284807,0.6123877263743229,0.3528447390214395,0.06584565001442504,-0.07111241922961234,0.7000151159352666,0.516689776419389,0.06769982431171101
B*48:01,-0.4642055791725885,0.1377185050822431,0.09369276026387942,0.8595637776836805,-0.1522020899915129,0.7386718044052651,-0.2675041742335112,0.7960936032812697
B*48:04,-0.03896801504879032,0.8845207296608462,-0.02733660074302864,0.9661115080648951,0.1959409055247283,0.6950559879907058,-11.36888788731637,0.980722847256946
B*49:01,0.06112677462766843,0.1325872261712915,0.01162825262261788,0.8799587623892853,0.1278564683066317,0.0457094209954507,0.02831953823234425,0.8108026862947223
B*50:01,-0.06687843046582129,0.1473007622555291,0.05032216682040248,0.5546226011183957,0.04018343760326263,0.5645245905839662,0.03265986007617735,0.8004705226097318
B*50:02,0.04413229045994711,0.6524388339686291,0.1244863286080963,0.4693115654917114,0.2023962863206183,0.2382236624351048,0.3952371191682605,0.1984696967600803
B*51:01,-0.04750641906249373,0.2930280799623742,0.02114732270862547,0.8009466010024606,0.04367481810777365,0.5281844585663421,0.004040069132258829,0.9747335593781975
B*51:06,0.1623480772561905,0.04659723200994952,0.3678722083454481,0.01863473165540768,0.4331999683649209,0.0005660691165090223,0.4366848729343109,0.05474894094041789
B*51:07,0.0733517758378636,0.5426138234061942,0.1202833374656371,0.5871721411229357,0.05323271487171306,0.7806052157110193,-0.1419405670440051,0.6648866400119983
B*51:08,-0.1167559251639193,0.1102139961543431,-0.2850766343264551,0.04657716550775284,-0.04741105363629745,0.69273345214293,-0.5381471205541025,0.0188173326472294
B*52:01,0.01492625856738547,0.8152172265839496,-0.1194974314754719,0.3158429175427492,0.07003454619713782,0.4418454357666378,-0.08859711042151558,0.6057463901367968
B*53:01,-0.03724140451202869,0.4205751796884352,0.00904099471129513,0.9173844040103606,0.06532118705778694,0.3784542726384972,-0.06285485661843901,0.6498158555360787
B*55:01,0.05872226738972713,0.31721969237416,-0.07822600737381881,0.4562816821409819,0.1886061489154635,0.03416568040911042,0.07198267058785288,0.6593948469592683
B*56:01,-0.07855685613485439,0.4109800268474711,-0.3244350620461696,0.06986336783324698,0.09132808849469842,0.504363356444725,-0.09575451652347869,0.7115944653407318
B*57:01,-0.02942511045314687,0.5324181139326445,0.1393099501505912,0.1112034886879683,-0.01057632944399813,0.881010402593275,0.1286811249745311,0.3269120302795431
B*57:02,0.1302081047051391,0.5648918139841627,-0.2874293523752914,0.5484477489750825,-0.09889374213876787,0.898051753709597,0.05627607633928163,0.9666680222934588
B*57:03,-0.05604761877034765,0.5760255408623675,0.02381153004074603,0.9010414632334169,0.1493374961581834,0.3092347215190342,0.02275495300638475,0.9370685545177942
B*58:01,0.1750666612764741,0.000411699351160839,0.07923760129274753,0.4166335433618145,0.1944159756631713,0.007488303955820101,0.01015074319822013,0.9440667815969963
B*73:01,-0.2614813326740899,0.04532821661331199,-0.2644350975510958,0.257582117856187,-0.02791303142533048,0.8903985811520356,-0.03477635227152409,0.9212634751629412
C*01:02,-0.05794461439606707,0.2894937181041926,0.2832384193338992,0.003321766531254434,-0.1696143316716168,0.03589920678551697,0.1021918287471356,0.4909464339256193
C*02:02,-0.03395441803526628,0.442453759042209,0.08378945730471413,0.3013938659502472,-0.1240203316335768,0.07731055385414068,0.153913271096087,0.2272206785934644
C*02:10,0.1860124634233712,0.1443167012258431,0.5929146241373796,0.003697112205920776,0.0334866997231489,0.8531825576138248,0.6672920314714336,0.03574563562769539
C*03:02,0.02151703454452554,0.7201661249274669,-0.0009699746175806006,0.9936251895638079,-0.06565996870417755,0.4886913247359991,-0.09041567879218074,0.6362332079370235
C*03:03,-0.07660300856999736,0.1592229656348757,0.1561407384767972,0.1073118903817911,-0.1652758174077696,0.04213708997398598,0.04609789914491336,0.7570817449184087
C*03:04,-0.1409408986465823,0.02154326485355536,-0.05023267638772889,0.6551021030891846,-0.2001855215854473,0.03320647961852347,0.02765551599296633,0.8741120485203477
C*04:01,-0.01038337799412478,0.729093999754787,0.06890876067868988,0.2273235661363308,-0.05965778426456273,0.1787506008954456,0.08608371819977091,0.3055071355660687
C*04:03,0.04927358496657807,0.8184667064489876,0.7496115503164338,0.05383385559444247,0.2118840915700014,0.5705676998534208,0.514798907153026,0.5642986147563227
C*04:07,0.1117397401115535,0.1854013367355347,-0.2075027736708631,0.3016021467196278,0.2697514623523303,0.09140132633687957,0.1660579425614089,0.6125952900556277
C*05:01,0.1277409607349806,0.002924917433577897,0.1347888614362146,0.09335394305308402,0.1474071903976209,0.01575678561367211,0.1070989277610131,0.3590738454204438
C*06:02,0.03241161773112816,0.3510221230760484,0.09700440681166247,0.1361127488048889,0.01672630063799284,0.7525109991628266,0.1331433457228353,0.1765971636798422
C*07:01,0.01723918584445629,0.5703429882045412,0.08698097483909194,0.1323277931842578,0.007421682233535509,0.8716788050030426,0.088731941973689,0.3070400776607499
C*07:02,-0.05372945398184312,0.1675604138967322,0.05715482806509919,0.4217383743681005,-0.03978281158773411,0.5075527134767961,0.1864531119020124,0.0860222403690895
C*07:04,-0.02492857363047047,0.6859791771231258,-0.01308689608698078,0.9122404708952061,-0.03123890809257652,0.7353555437417876,-0.1727347799227839,0.3427218923959581
C*08:01,0.1941588127621231,0.2860673931411043,-0.0203413451847018,0.9566138077270767,0.2604880599095692,0.4535348014028269,-0.4776580939808991,0.5611848478949539
C*08:02,0.06812093319139063,0.5953820212769415,0.2704325273704275,0.2551617845968961,0.1122731395979386,0.5449565060029262,0.7703349185588929,0.04903797840778235
C*08:03,0.5668972513937236,0.088294728030873,-0.3249537594608489,0.5762857642725729,0.2304340313852368,0.6360998609061461,-0.5980544697424026,0.5864581219826646
C*12:02,-0.01804303395201205,0.7550685005606217,0.1423120827770271,0.1882982690873526,-0.0580108266137685,0.4691250583784016,0.09272463202300586,0.5460564262886914
C*12:03,-0.01249391106844706,0.7129221368879023,0.0321795580528134,0.613163404597928,-0.04486744501064872,0.3698715869178633,0.08716957858338432,0.3559529319469861
C*14:02,0.05140878521424371,0.3857779154249753,0.05617060877451896,0.6154648811296832,-0.06517833224990255,0.4829058410411154,0.3034638217109905,0.06410009313057732
C*14:03,-0.1249808358973761,0.2023104100442934,0.07274903675477903,0.6638464600538734,-0.2085413432361299,0.182017740423278,0.1134170553269615,0.6828256927684087
C*15:02,0.1048100714636292,0.02354628074123414,0.1165692287731772,0.1768461087400468,0.08426116697730397,0.2395009192923705,0.2195287299960405,0.0959268810462843
C*15:04,0.01616964058846693,0.8435896028807994,-0.02356304981010071,0.8836836370798536,-0.1928030808015147,0.1223815062160653,-0.05710601497087687,0.8107996548051865
C*15:05,-0.01518409116960063,0.8626463714666118,0.212788246658273,0.1887602125372425,-0.08791764143678588,0.5288555451677286,0.1534935539467658,0.5313046909861416
C*16:01,0.01324326369218184,0.7878415903399826,0.1395806080815818,0.1271527088785033,-0.09350115794416722,0.2069409692069529,0.1562490209312861,0.2532652474387747
C*16:02,0.004858589718352028,0.9412648497527654,0.01128273812893573,0.9290645676941357,-0.1182485422611707,0.261001645756256,0.2566583949077006,0.1674075230930447
C*16:04,-0.03172580394520414,0.473006183584977,0.09677903684290172,0.2424141818658124,-0.002660028540183786,0.9677939227518535,-0.0872979208587055,0.4890341574691308
C*17:01,0.05687797447268309,0.3194516690999659,0.1483164756892889,0.1805843136505868,0.05289247026153767,0.5324035995895298,0.2580039019334868,0.1231374892265742
C*18:01,-0.2731532782089919,0.2262636011604963,0.118323727054255,0.7739257805888979,0.1312818627344691,0.8366184369063684,0.7130469527925949,0.4450404128016091
DQB1*02:01,-0.04345281557657384,0.1878209185950677,-0.01678425796872779,0.7872826442774854,-0.02441441774803653,0.6432320832792862,-0.1429362551446849,0.1386414739049977
DQB1*02:02,-0.2102910059711659,7.649058660179406e-06,-0.07391657394756938,0.38423541361047,-0.1580587045560248,0.01900283201531349,-0.2052781621186832,0.09233019521940981
DQB1*03:01,0.01876531832003692,0.4801559474041766,0.1054441850749822,0.03233036325591843,0.007502427703579247,0.848915434152225,0.03634440779609304,0.6142388377037227
DQB1*03:02,0.01735530527113437,0.6164930056058309,-0.05629921638272199,0.3854516086243871,0.08292244807486383,0.1321755528646171,-0.0761561824326939,0.4469143265509964
DQB1*03:03,-0.01131370215862199,0.8241999015203477,-0.0551907592637996,0.5693498395858844,0.001520086655675086,0.9833895278789263,-0.1377512336938093,0.3141110742710564
DQB1*03:04,0.07096780005695864,0.4131717041925753,0.2259541570686104,0.1575591379032008,0.2046069483889737,0.0835508839193068,0.009732928308325213,0.9664723181825763
DQB1*03:05,0.02470665336507856,0.6190900136559738,-0.1443805196762683,0.1426608277791323,0.1143377169115245,0.1200080551250819,-0.1969175403942679,0.1668751513767006
DQB1*04:01,-0.1234586782925256,0.3931038935872937,-0.01560326982785074,0.9510102198122661,0.03987192769266877,0.8864096350710385,-0.1915337242969456,0.7570578657158451
DQB1*04:02,0.04657064039813943,0.4532820180130372,-0.005080398888853379,0.9650133858764048,0.1048836036005441,0.2653085110502118,-0.1105902843489961,0.5470653846209619
DQB1*05:01,-0.01698677064041909,0.7296480401854037,0.08903766330297849,0.3245813137546888,-0.04238373127068235,0.5877961352782304,0.009226528601134683,0.9482042447666454
DQB1*05:02,-0.004463152164568479,0.9534897768438472,0.04718469638718353,0.7284568547193596,-0.005673331069616682,0.9609326696519049,-0.1177846062942209,0.571025054453804
DQB1*05:03,0.01735374028599929,0.8050367172026955,0.2663219463239181,0.0352178343237474,-0.04088496897318394,0.7158200445634788,0.2382999148309328,0.2359655146323995
DQB1*06:01,-0.03418630539404748,0.6448898991421665,0.003226977491403343,0.9813218908276071,-0.02093006708289794,0.8711438156666655,0.05023639467940281,0.8229228545697412
DQB1*06:02,0.01914531517262643,0.7753669682019909,0.2451288150884552,0.06893768180752115,0.04640079083316815,0.6702275916517109,-0.007901315465816431,0.9681762876291613
DQB1*06:03,-0.013649367419499,0.7583259199547712,0.1092035499781086,0.1792183339961591,-0.0251781540681374,0.6834994490139286,0.1556216853559595,0.1527142010093447
DQB1*06:04,0.172392180618017,0.008155221703967758,-0.1294602448600824,0.2621066031816441,0.1123637815335451,0.3202351400987165,-0.410668344271214,0.01945610529504218
DQB1*06:09,0.095244659507034,0.1707024013432856,-0.1274741327121801,0.3113050752263997,0.04055954377813939,0.7257634860986969,-0.3447890769865344,0.06098760076026331
DRB1*01:01,0.0601482532537938,0.3323325573584428,-0.03099068095066743,0.7863640818797438,0.03755129337233735,0.6925179178445687,-0.125664343056477,0.4745525426460516
DRB1*01:02,0.03322182614872451,0.5437610335451453,-0.06957924647211199,0.4934686681121574,0.05863919668520213,0.4985862782248393,-0.01030160995191284,0.948273679911821
DRB1*01:03,0.05117890642508781,0.5634849071412704,-0.03173510489614183,0.8429478640137676,0.1411084833946534,0.2492997434040374,-0.0005125783025286216,0.9982262726300377
DRB1*03:01,0.2404215105196363,5.411306758890888e-10,0.1972607827762388,0.006423644092838183,0.2440075719383495,6.70242716889871e-05,0.3245724096151055,0.003608166586308117
DRB1*04:01,0.1510379161811632,0.005015991182046943,0.03130023518776184,0.764058582617557,0.11917576373905,0.1296876359969559,0.186365817477301,0.1907303514808699
DRB1*04:02,0.1408083509410038,0.0006881255968195462,0.1590154258796859,0.03837468963286862,0.05934521427530834,0.3555004456583791,0.1827052034512445,0.1167669745836655
DRB1*04:03,-0.01268784625175824,0.7636521276184801,-0.05675914375559177,0.4751868479450451,-0.04267553269792908,0.5213215812880769,-0.003673311825951782,0.9760407378271714
DRB1*04:04,0.1193457832003421,0.02398138942210656,0.129486335459761,0.1932546522252929,0.06078101202779804,0.4590788213607049,0.06330649608122796,0.6890503340592631
DRB1*04:05,0.1617690701174739,0.0005714326718450738,0.1517679089229482,0.08024982186865832,0.1133234686458787,0.132147507364049,0.05679515915966277,0.6886343186693897
DRB1*04:06,-0.113174432493427,0.2737511035719812,-0.1689958086220555,0.3800195500817537,-0.2650628742226723,0.1218843410076754,-0.4914722539933644,0.1560305479942117
DRB1*04:07,0.3244582288607912,0.001281397473199087,-0.0514677754530315,0.7920100698531501,0.3655691166026912,0.01159274144721571,-0.104731824626436,0.7191131141932404
DRB1*04:08,-0.001703787743232797,0.9880539365970188,0.1019648736655454,0.621701174723859,-0.0948634302971721,0.5399569905312414,0.3480555168375472,0.2218998471994219
DRB1*07:01,0.1641155682570112,1.162177431528379e-05,0.08374080845750388,0.2326182497984515,0.1600183720184712,0.00620671609242338,0.1890582194997295,0.07887600467789639
DRB1*08:01,0.02017602756337836,0.808764369874186,0.05677639472882099,0.7156507734508624,-0.02547837474736295,0.8360846637349248,0.004429108754470238,0.9855102658891826
DRB1*08:02,0.1522166955001458,0.4444418867019546,0.6239113702408151,0.03232507510652553,0.2566928448070934,0.4256403084040735,0.9391200765376163,0.0453710481952177
DRB1*08:03,-0.009414834507254093,0.9340576045900925,-0.3808263093512496,0.1094310585156151,-0.05741495997148566,0.7385860521554457,-0.2787561885367865,0.409015969008474
DRB1*08:04,-0.1550948903511773,0.04962575327264042,0.06958955395505653,0.6282280249447805,-0.09207117754580402,0.5187351922292379,0.01205116091211818,0.9616298917750974
DRB1*09:01,0.1767155716862521,0.0309888731984951,0.1699501879346138,0.26806394857087,0.02780581992758957,0.8240397479592017,0.3652089885531103,0.0900820248835218
DRB1*10:01,0.1945606641976734,0.0003535610842880148,0.005595954166603221,0.9557790956081023,0.1674130770495288,0.05015111335344692,-0.02958058066779353,0.8512734049960307
DRB1*11:01,0.2120415777092074,1.851680959388126e-10,0.1117867711643727,0.06821498530097966,0.2248888475332628,4.165341492159639e-06,0.1420075196117904,0.1138262986647472
DRB1*11:02,-0.06460766726186679,0.6074439322223524,0.09350965276948892,0.6632262782697547,0.03980205563721469,0.8387237255823469,0.349240941367631,0.2611443763907472
DRB1*11:03,0.1287387594956064,0.07529122978593021,0.1639441075113912,0.2107489879870382,0.1523859949830146,0.1313181653122151,0.2727458973500454,0.1296851732935475
DRB1*11:04,0.1359354221126467,2.272010832247856e-05,0.002556861899167862,0.9654705723057332,0.113707134189546,0.01661579860833668,0.0584752796304415,0.4992448656300412
DRB1*12:01,0.1064066525361691,0.01053186634381253,0.0271292850429172,0.7289408296401446,0.06156568478867847,0.3082237816846997,0.02973349588389531,0.7914855071786749
DRB1*12:02,-0.06635121782422791,0.6235514016497619,-0.2170549401769688,0.3980042729382184,-0.06988158331680311,0.7330755133485278,-0.7894699013608756,0.09610016904744641
DRB1*13:01,0.008694377660981696,0.8696701274574341,-0.1261151391209457,0.193976504992428,0.02446213382322537,0.7448898928427226,-0.2037087125715356,0.1295426271975327
DRB1*13:02,-0.1345548903260446,0.03655780337593685,0.13529162007786,0.2324547184279142,-0.1059776011510699,0.3415639947910917,0.4229748945401524,0.01346943153646313
DRB1*13:03,0.05954545400873491,0.1423664328050277,-0.05314844639869613,0.4794274296837279,0.1482611891278492,0.0148988907961871,0.00406784931695294,0.9709398708360133
DRB1*13:05,0.000284907060908487,0.9950335748104143,-0.08870184762185546,0.2853370481236591,0.04077263091034326,0.5319943164233831,-0.1255172833984175,0.3065870372539503
DRB1*14:01,-0.03309160876203922,0.6450338029412621,-0.3443928441301441,0.00808041682029648,-0.02494879247392713,0.8261300688765384,-0.3757966232340502,0.0681444723859359
DRB1*14:04,-0.04117482298545562,0.6369964275442369,-0.3579683483239026,0.02457881175637999,-0.2791749832987575,0.06726966870753052,-0.374800661304265,0.1414815287563649
DRB1*14:06,0.1580345961341813,0.2473419805842646,0.2194946463871361,0.3446491366078656,-0.001827979027154349,0.993628283572276,0.8405375734546686,0.005172949477713254
DRB1*15:01,0.06389054380049806,0.3359495673172608,-0.2389167733367102,0.07135218778567383,-0.03457870343569615,0.7453107567148819,-0.05469662243098464,0.7773096399063567
DRB1*15:02,-0.0423903579260038,0.5855206621632234,0.02195266069044135,0.8788352311942517,-0.05877705654168439,0.6620690801201867,0.08867328042403927,0.7061959384513845
DRB1*15:03,-0.3055210303741128,0.01287749002384105,-0.7783238866917026,0.01036771145143024,-0.6816663972340143,0.09179605829795479,-0.6985678505345966,0.3616157680028417
DRB1*16:01,0.01638969359428123,0.839688570128603,-0.018046912371878,0.8991547451661362,0.00878323201045725,0.9433653323683242,0.1920615155177157,0.3777696594414721
DRB1*16:02,0.01743573085548878,0.8762416481242581,0.03579481393658804,0.8525512377181018,0.008267630033715102,0.9607150901574075,0.3733624878815341,0.1890154338726541
const,-2.650624147233433,2.814692886917069e-297,-2.691766794739318,5.690849534268366e-89,-2.663494170214538,2.499989852737989e-138,-2.755339678686969,1.26117563524095e-43
MIN,-0.4170139308506882,9.293644224696232e-249,-0.2702901537330391,2.760164183824267e-31,-0.4356826717233055,1.184630866770343e-126,-0.315293020584992,5.421107157719557e-20
Age_BMI,0.1867422882565892,1.081275873809371e-255,0.2044058664980049,1.071548224498677e-96,0.1667327831219881,2.004683817937922e-100,0.1899118681045147,6.496211025515974e-40
Birth_year,-0.08613634918313862,1.55534498792276e-44,-0.09931795783604978,3.066569046359201e-18,-0.07653122377493154,9.534784415608601e-17,-0.1083325294347454,1.433397442812193e-10
dapar_3gr,0.06037004068846945,7.75933372492264e-24,0.05386833123666921,1.398613587670406e-06,0.05506631780426115,2.363354749919381e-10,0.04798963373738373,0.003224493895379653
Educ_GE11YN,0.03459176855953628,1.101438642822114e-08,0.009618822385986674,0.3718811736352777,0.03283921210728588,0.0002053885764680057,0.007162169188922093,0.6497409056594641
Israeli,0.4155404541609325,1.778345105539813e-86,0.306001108882019,1.050381151834208e-14,0.2836150130857523,6.77836684853289e-21,0.1873489350344112,0.0008816807605085937
Eshkol_3gr,0.1138821461711473,8.435524400961209e-83,0.09088307149537621,9.540843858026082e-17,0.1278962252225955,4.407068616468836e-49,0.1281511803386014,1.636877643556135e-15
