,all_soldiers_coef,all_soldiers_pvalue,ashkenazim_coef,ashkenazim_pvalue
A*01:01,0.01264701161656158,0.6055094027920312,0.0270459565190524,0.4573491573001961
A*01:01_inter_BMI,-0.00881112755041011,0.8564095519654096,-0.003385419968267946,0.962748794270087
A*01:03,-0.1137807380223567,0.05840036330032859,-0.03493404612976856,0.7373966718765035
A*01:03_inter_BMI,0.2816099035611346,0.02295532749210442,0.2886538904715714,0.1624808203225041
A*02:01,-0.01784111316057891,0.4723082173127721,-0.008635858417874512,0.813535634763463
A*02:01_inter_BMI,-0.02054207938068445,0.6793162991530743,0.05739864776373183,0.4302045217172363
A*02:02,-0.0874544926930354,0.01275803073056345,-0.02627196535930851,0.6420820606156041
A*02:02_inter_BMI,0.03476314893432372,0.6309981904453803,-0.01032601691827752,0.9289357147056923
A*02:03,-0.7119811743012059,0.002397866620413048,-1.824105875042841,0.003059156530047709
A*02:03_inter_BMI,0.6963603379943947,0.07509136450137016,1.541713622035756,0.0998682099193968
A*02:05,-0.01691651710444201,0.6346835687437798,-0.02466701576212836,0.6307360492848094
A*02:05_inter_BMI,-0.07417875916050899,0.3186233089092728,-0.05278194677077895,0.6235663223507297
A*02:06,-0.1686157538395661,0.2283631536505487,-0.2319359722980665,0.2520087336242446
A*02:06_inter_BMI,0.4821874097920872,0.1028222063199069,1.15774180794912,0.01073250306422518
A*02:17,0.0465631995118177,0.3988086646862324,0.03886943804925355,0.656772520642993
A*02:17_inter_BMI,0.009580897765849862,0.9338666301227863,0.1613763878027865,0.3416454935367315
A*03:01,0.03964416754484854,0.1574147154985851,0.06541097614425316,0.1170063596956136
A*03:01_inter_BMI,-0.0008767480785455832,0.9876004488761885,0.09132606046896401,0.2723356485513445
A*03:02,0.005209117113042809,0.849785784734513,0.01889136665123247,0.6420768352655508
A*03:02_inter_BMI,0.02369228432473785,0.6701643461391369,0.06142522062835435,0.4537058505132332
A*11:01,0.03092818789671489,0.2652246076630287,0.03454989474721926,0.3995508077914967
A*11:01_inter_BMI,0.0381460522867866,0.4950507594823632,0.0484354440945548,0.5589431495129806
A*23:01,0.01382497404040763,0.6590854109364412,-0.00159533431449997,0.9730809852346528
A*23:01_inter_BMI,0.0644406701777978,0.3164660050536745,0.1267001566329215,0.188634898649509
A*24:02,0.02134607147834442,0.3925735905653195,0.0360140277771044,0.327789089285713
A*24:02_inter_BMI,-0.02051693538379003,0.6813806428103366,0.003576949420550649,0.9613259158468301
A*24:03,0.03935427026889872,0.4344322633622939,0.01316463693047736,0.854086471843472
A*24:03_inter_BMI,-0.07681206577668463,0.4793607936467409,-0.1731622687325308,0.2764594817626781
A*24:04,0.05553575544213802,0.5068598849016706,0.1996224548363619,0.08249627498617221
A*24:04_inter_BMI,-0.3494316261530407,0.0972005947189054,-0.912413759389149,0.01232565473594414
A*24:07,0.1317094756835986,0.04885653317220874,-0.2317218449772175,0.07797070630900817
A*24:07_inter_BMI,-0.008335264151237096,0.9548115364199945,0.7029883648487941,0.003591668127984338
A*24:17,0.1056301097684245,0.1203512045337065,0.1189663981856707,0.301500862055969
A*24:17_inter_BMI,0.01680384013705602,0.916691428071371,0.1465146967084585,0.5526400460834964
A*25:01,0.139956481914378,0.00086457309020151,0.2050838278120307,0.0004388989017075986
A*25:01_inter_BMI,-0.0263100476151775,0.7667140770414062,-0.05013997004201429,0.6906076810968165
A*26:01,-0.02290615529594912,0.4099601730222729,0.01454843043772576,0.7163138969394948
A*26:01_inter_BMI,0.03492170769115429,0.535484185615603,0.01775044193422617,0.8285943155986832
A*29:01,0.05641631815017822,0.1011894595907181,0.06021139448992608,0.2252147909007435
A*29:01_inter_BMI,-0.009913508604032926,0.8898536925883725,0.01536330733098235,0.882498329081347
A*29:02,-0.02768160251318532,0.5586726513086839,-0.0185212504310363,0.7907530753270601
A*29:02_inter_BMI,0.0304674003449594,0.7559427759951521,0.1695888536880322,0.2284336007435877
A*30:01,0.03921635898395816,0.2273862973092036,0.0463755316115802,0.348411883372066
A*30:01_inter_BMI,0.1113874055962237,0.08987036152240616,0.1305263709811884,0.190421873504487
A*30:02,-0.06084235684690157,0.1040465155955822,-0.06194369996678011,0.2767765531643427
A*30:02_inter_BMI,0.1250061977528046,0.09851646497439914,0.196399019748203,0.08642669051317226
A*30:04,0.0191092695913788,0.7684225757145146,0.1125166209404378,0.2681704471648191
A*30:04_inter_BMI,-0.01038433453797022,0.9403565757237137,-0.01527718587800204,0.942313804322258
A*31:01,0.1217778238321106,0.006578875061392746,0.115571925210468,0.07469056639408497
A*31:01_inter_BMI,-0.1631126721474152,0.09394396830521033,-0.2867521935573157,0.05071536999124399
A*31:08,-0.01043596592247492,0.8782992307273689,0.009064854499778296,0.9215836737157485
A*31:08_inter_BMI,0.2072668567232706,0.1221569955207887,0.118843068126533,0.522921990712607
A*32:01,0.05847608885925668,0.04989854915876715,0.1077967620486956,0.01514758611422799
A*32:01_inter_BMI,-0.01006116869798016,0.8686547201738156,-0.0499559893153854,0.5832409737624096
A*33:01,0.002375617975603496,0.9445777463993797,0.006689844546175677,0.8941508544895214
A*33:01_inter_BMI,-0.03432581269557176,0.6249069644342166,-0.05057259602251286,0.6278048731483468
A*33:03,0.1215525886081391,0.03887765406634467,0.1161861105813761,0.1903001374455046
A*33:03_inter_BMI,-0.05166992753090759,0.6931785729510396,0.2515415974490823,0.1636092793704467
A*34:02,-0.1421280694376027,0.285960674248848,-0.03732014707627235,0.8640432678662784
A*34:02_inter_BMI,-0.1921661650312335,0.4991086298103456,-0.4706994048404479,0.2929485816888265
A*66:01,0.0065454434757109,0.8824542770721525,0.04585577368717444,0.4699869808013047
A*66:01_inter_BMI,-0.1043606469665783,0.2745324280012866,0.03083212339200754,0.8165059626168716
A*68:01,-0.1150430496819345,0.003690854819012286,-0.04381400779535691,0.4598755256015498
A*68:01_inter_BMI,0.04860365355026362,0.5540733069692045,0.0005530659943584709,0.9964022602204835
A*68:02,-0.04972301974472122,0.1424533628058148,-0.02982281342732352,0.5532769865288938
A*68:02_inter_BMI,-0.0622068644388102,0.3812599731535651,0.0627252539363474,0.5469949458627847
A*69:01,0.02249989674100237,0.6375901951574927,0.08723631956620487,0.2055217062033593
A*69:01_inter_BMI,-0.009449827620958072,0.9238983250714686,0.01907275910134013,0.8938864272810397
A*74:01,0.01362868079112395,0.9082388032943698,0.322021072133569,0.2216722268825074
A*74:01_inter_BMI,0.05166866251404075,0.8428063356177556,-0.1675290227054541,0.7523712885288405
A*74:03,-0.2539682217226595,0.2233395895395265,0.3230897055985693,0.6654582825872553
A*74:03_inter_BMI,0.620415164794983,0.156311708557993,-8.00739373374968,0.9424114632542087
A*80:01,0.01219593259494251,0.9389963216980118,0.0581559825872929,0.7965658109465001
A*80:01_inter_BMI,0.0977446906470285,0.7722591396704295,0.4332477817074213,0.3130092024215441
B*07:02,-0.02106534092102574,0.6565804763892544,0.005824240207791776,0.9355267592219728
B*07:02_inter_BMI,0.1078568727132465,0.267108726392875,0.03508381762069793,0.8099145714079135
B*07:05,0.005623739406510227,0.9491564834329408,0.1243185208918711,0.3747476751444572
B*07:05_inter_BMI,0.02502897875180372,0.891997319489043,-0.07710415698122469,0.7847377373772669
B*08:01,0.05662850356177927,0.1764968299498233,0.08390036497233758,0.1888100891159096
B*08:01_inter_BMI,0.01841491478029044,0.8312000196906295,0.1009016330659957,0.4358050371928975
B*13:01,0.04394431487924335,0.8024323652124434,0.2564457969691613,0.3880703834316847
B*13:01_inter_BMI,-0.08840550457080842,0.8297491569936495,-0.9880631249203361,0.2895619508337322
B*13:02,0.06786542952661105,0.1121219412757329,0.08920168941863056,0.1780292380013675
B*13:02_inter_BMI,0.02473365705680676,0.7772276157312352,-0.01302429547398074,0.922642406245905
B*14:01,-0.1212833008085508,0.4347697307254281,-0.2359968094220972,0.3113637783226412
B*14:01_inter_BMI,-0.206993229915528,0.5366006894917934,-0.4250609902459855,0.4176177186007797
B*14:02,-0.01488260691056523,0.9081439249661899,0.01815114141162108,0.9228645253783416
B*14:02_inter_BMI,-0.02948382045371503,0.913331458820845,-0.5659197244752389,0.1950544303169813
B*15:01,0.07155538787522908,0.1986803013375522,0.1366970459919287,0.1008287105875048
B*15:01_inter_BMI,0.01860766700782454,0.871231244507555,0.1228017604479028,0.4719868551711018
B*15:03,-0.01092525904821064,0.8682125568343311,0.3361058400957398,0.003148321985857325
B*15:03_inter_BMI,0.1021478729197792,0.461092900197377,-0.4684857378806415,0.07283709533350116
B*15:10,-0.1439329675532606,0.4085243895223569,0.1434039849260486,0.6108275338180397
B*15:10_inter_BMI,0.1545362844044045,0.6532732079678877,-1.120761764619133,0.1547435159567235
B*15:16,-0.1021766334803337,0.5210642215575073,-0.05134055591490565,0.818309739403453
B*15:16_inter_BMI,-0.1720687329904651,0.6284004181606859,-0.2462486219131658,0.6033814852442543
B*15:17,0.05244051524293357,0.2493664764670899,0.07604484737508528,0.2979681279872067
B*15:17_inter_BMI,-0.06276820659043077,0.5097659727432527,0.001538674141233478,0.9917518311788345
B*15:18,0.2666408978725924,0.1180193812450943,0.4652031398343592,0.04747666270848867
B*15:18_inter_BMI,0.4326104081819502,0.1972948968672065,0.5295771987911987,0.2788890485312812
B*15:24,0.04799851746153054,0.8146112515810217,-0.24930911393306,0.47964808590061
B*15:24_inter_BMI,0.3552094587262721,0.3159851645305733,-0.2484946537346845,0.72663277810688
B*15:29,0.1982989298860968,0.2945505857483711,-0.334907167918736,0.4387458190811098
B*15:29_inter_BMI,-0.1377963271417812,0.7347945280581795,0.627865771043723,0.3786929289620762
B*18:01,-0.07149636086762007,0.05211420115400734,0.01514638721191409,0.7833380997764524
B*18:01_inter_BMI,0.06164852082079421,0.4145775798940053,-0.00787124321244155,0.9443217771553921
B*27:02,0.2145194788782994,0.0006359085718046325,0.3492218353076409,0.0001919665100429296
B*27:02_inter_BMI,-0.05042163333317236,0.7012685035033852,-0.2695433735438377,0.169110627398034
B*27:05,0.02612219308016325,0.7123399935807612,0.1764702059975114,0.0961814799382718
B*27:05_inter_BMI,0.01382620108824068,0.9239347874868322,-0.09430841557798017,0.6683982478511808
B*27:07,0.1863015212010729,0.0383138285331489,0.3084552626040253,0.01532212766330533
B*27:07_inter_BMI,-0.3523727968288456,0.1003951208908581,-0.6697611041640203,0.03201794900995228
B*27:12,-0.170499908059988,0.4228705969994361,0.3449467994931689,0.2490286020844121
B*27:12_inter_BMI,-0.8471266675606428,0.1297567073637771,-1.159975791094127,0.1435419157845259
B*35:01,-0.01936352628740362,0.6155152956803713,0.08625161898085941,0.1324822377439923
B*35:01_inter_BMI,-0.004801026863083678,0.95175990670934,-0.0247978435517797,0.8321332931434079
B*35:02,-0.006952313217591597,0.8598265390878879,0.08815663545155614,0.1279426224740764
B*35:02_inter_BMI,0.1031269755621533,0.2028146088380826,-0.0001518429167983794,0.9989739733394717
B*35:03,-0.04345481454550247,0.3860450500105987,0.06599566336862092,0.3754826236656809
B*35:03_inter_BMI,0.07273017456892118,0.4816291069765154,0.08730910595454892,0.562090863732627
B*35:08,-0.0775307337988782,0.03986031232115619,0.0158840036444681,0.7787380206972971
B*35:08_inter_BMI,0.01576916676653879,0.8398837514888978,0.0434544766575599,0.7046103536849208
B*37:01,-0.1427987529070476,0.01869076797383343,-0.1487012782211451,0.1011084040721956
B*37:01_inter_BMI,0.05029259646657352,0.6929562247579598,0.1144409260015759,0.5369152325395443
B*37:02,0.2434645572567919,0.1101277956789917,0.3301367250781718,0.1795980960130159
B*37:02_inter_BMI,-0.001967514932052795,0.9951998602379636,0.127317607052668,0.8078506850087349
B*38:01,0.08165951334838147,0.04511822699863231,0.1753003436147196,0.003629245366064562
B*38:01_inter_BMI,0.0598976048698851,0.4766274346681418,-0.003284769515365394,0.9788755240914695
B*38:02,0.5716962279241943,0.005139581074158552,0.9935943078104954,0.003198797269401556
B*38:02_inter_BMI,-0.2780460910985288,0.4825244403435597,-0.4348239478729419,0.5872241890422443
B*39:01,0.0969517221070245,0.1538284847150088,0.2207502071901407,0.02112669634483124
B*39:01_inter_BMI,-0.1010510752139046,0.5064561712803932,-0.2854577801776932,0.1919880834241834
B*39:06,-0.168487326763262,0.1164395021057326,-0.1678782613974447,0.2791686173601042
B*39:06_inter_BMI,-0.1286710606090866,0.5772179056582782,-0.2416904176412148,0.4986396463245389
B*39:10,-0.0780081606287157,0.6389836557172971,-0.2096810012071784,0.5715234853960045
B*39:10_inter_BMI,0.2856663291572203,0.3985425538811159,0.7184676492102957,0.2242128301064776
B*40:01,0.08913115017903088,0.1856759720838682,0.2553885619340515,0.01336290141007347
B*40:01_inter_BMI,0.04088255980885525,0.7704886636340331,-0.2843267490542643,0.1954652836214251
B*40:02,-0.08580610221580949,0.2224303535046019,-0.04274423855053979,0.675924420000944
B*40:02_inter_BMI,0.1133489865905723,0.4304663904718589,0.07582533995616916,0.7126519117451943
B*40:06,0.04235097811559722,0.6702101037846537,0.2754177617360219,0.06875822190551042
B*40:06_inter_BMI,-0.275317487852217,0.2219765916488128,-0.6452324226289495,0.06457486636511954
B*41:01,0.02229162547978345,0.7001694477113696,0.08925115843923484,0.2955302790218136
B*41:01_inter_BMI,-0.03586309201581445,0.772866800233571,-0.1936610127826895,0.2978842943908967
B*41:02,-0.007264315354705973,0.9144737126959155,-0.02602644122677771,0.7953447888873614
B*41:02_inter_BMI,0.06032230396414096,0.6757703388164156,-0.01122682651929853,0.9582398555489621
B*42:01,0.2508784281600737,0.06110087415165146,0.165811665752558,0.4697266828513703
B*42:01_inter_BMI,-0.08688176789314525,0.7700288981687917,0.09410439878614821,0.8382657487824612
B*44:02,0.06594418051734639,0.151305963084679,0.08058456450417745,0.2404560645809554
B*44:02_inter_BMI,-0.02073154834055491,0.8280318457986942,0.1504071601107132,0.2924770396758404
B*44:03,0.1393242723210273,0.0001355747724684419,0.2367986642783509,1.918445500446118e-05
B*44:03_inter_BMI,-0.01829028069199238,0.8089304345521035,-0.07743141363394034,0.4956190697794015
B*44:05,0.1573863874968847,0.07299487600862088,0.299811057933366,0.01682940353273138
B*44:05_inter_BMI,-0.4042281605937939,0.03734527213601859,-0.4336064080515044,0.1029756802047177
B*45:01,0.0615785404889107,0.4337655410561062,0.06985559904929295,0.578672676696542
B*45:01_inter_BMI,-0.06168364540729773,0.7138873919505088,-0.02885211551914945,0.9096305027304133
B*47:01,-0.05954371147200071,0.58279960596367,-0.07179624324627136,0.6969723599180304
B*47:01_inter_BMI,0.4214377608151224,0.05436584660310088,0.5915296971362662,0.07791875954073799
B*48:01,-0.4674750775393228,0.1346876683997149,-0.1568346321276083,0.730713971133261
B*48:01_inter_BMI,0.5809071791660797,0.3453980747356945,-0.09825582169449723,0.930720231712348
B*48:04,-0.03406061789237457,0.8989478557962285,0.2114878541375174,0.6721700365024494
B*48:04_inter_BMI,-0.02569917408264709,0.9705993237637276,-15.72806952720082,0.9965328125228462
B*49:01,0.05785710930141551,0.150670256333114,0.12906833906441,0.04193658294863747
B*49:01_inter_BMI,-0.03465946440147081,0.6790227495271908,-0.1032101231388586,0.4251373905712255
B*50:01,-0.06981867977422573,0.1272453328708312,0.03995986238615744,0.5635124364613924
B*50:01_inter_BMI,0.1310843194052456,0.1610127255432487,-0.002770868504568284,0.9843709090090533
B*50:02,0.04098628042985841,0.6751401194373982,0.2038602611120824,0.234155685899916
B*50:02_inter_BMI,0.09432573235992664,0.6309881043262194,0.1857004397722629,0.5955045892109223
B*51:01,-0.05070212442008949,0.2586882181747535,0.04240144111364365,0.5377119175964742
B*51:01_inter_BMI,0.08380928680946974,0.3671677928554261,-0.03732002054525502,0.7915697201860623
B*51:06,0.1607308008486674,0.0483919493322824,0.4356470780569608,0.0005137898927985353
B*51:06_inter_BMI,0.2133669036262347,0.2229832638249208,-0.01469320149286832,0.9544791442091015
B*51:07,0.07148271534138277,0.5524715612188396,0.05912175568199723,0.7568030772801898
B*51:07_inter_BMI,0.04728218594119511,0.8506942724869666,-0.2367585384180349,0.5307198691686141
B*51:08,-0.120177269635679,0.09929689062773246,-0.04712685950907614,0.6938667271141093
B*51:08_inter_BMI,-0.153522855733593,0.3355980245976797,-0.5018931968919618,0.05023200270893562
B*52:01,0.01400541842011846,0.8259281691792975,0.07124438322262171,0.4325727352643066
B*52:01_inter_BMI,-0.128314353653518,0.3375642339796255,-0.1628504851270252,0.3958370241146492
B*53:01,-0.03895468876386374,0.3959537776524082,0.06847462590943168,0.3525299571943478
B*53:01_inter_BMI,0.05246368123148659,0.583469850001137,-0.1448337295221074,0.3417157710706845
B*55:01,0.05845879169596265,0.317695756982537,0.188850001764044,0.0333006246382407
B*55:01_inter_BMI,-0.1357169941962564,0.2531299104322499,-0.1230807818561314,0.5013485926066769
B*56:01,-0.08138833445287082,0.3936453404843491,0.0899420252875883,0.510175855487655
B*56:01_inter_BMI,-0.2323548969590196,0.2503498383205651,-0.1786867736159303,0.5393899979560599
B*57:01,-0.03217520456538939,0.4917289420138534,-0.01227626988575207,0.8610937764627047
B*57:01_inter_BMI,0.1826894164074815,0.05794901981828102,0.1477061859790894,0.3056661545704837
B*57:02,0.1242448741125145,0.5819589345100488,-0.1013098968345433,0.8956432479525747
B*57:02_inter_BMI,-0.3869866431881665,0.4659970190077465,0.1955393077780142,0.9001668478715006
B*57:03,-0.06153363918928573,0.5384984810645603,0.1527816509563273,0.2973780780766567
B*57:03_inter_BMI,0.08893239549155267,0.6790704889826321,-0.1419605475094221,0.6586841460765298
B*58:01,0.1739410044923833,0.0004141780732565211,0.1936335487259671,0.007346740061258334
B*58:01_inter_BMI,-0.08846791780552361,0.4083861148230473,-0.1810452168038005,0.2511435097326299
B*73:01,-0.2648225067937934,0.04240481264527104,-0.02988797701319719,0.8826056121195907
B*73:01_inter_BMI,0.01511724731768006,0.9548374441942904,0.01285189000828261,0.9746516074602352
C*01:02,-0.06139942820897877,0.260816849901203,-0.1711554025240661,0.03409224181621408
C*01:02_inter_BMI,0.3594971023988992,0.001104939736271837,0.2836298570723443,0.09163732440162697
C*02:02,-0.03574436789027384,0.4180336166876962,-0.1230215342507746,0.07953764244243408
C*02:02_inter_BMI,0.1268956445967949,0.1668851932749111,0.2748051593118977,0.0574882701965649
C*02:10,0.1892639561827121,0.1372187924694283,0.03513327243755177,0.8459988899011642
C*02:10_inter_BMI,0.4012388395722766,0.095362017796095,0.6284308209982349,0.08537882861751322
C*03:02,0.01788628565306106,0.7656725443951264,-0.06571534779279939,0.4881273133636551
C*03:02_inter_BMI,-0.009208480661798055,0.9456862924080187,-0.02587858563584242,0.9032836143458821
C*03:03,-0.0794567005647481,0.1437404433832646,-0.1665222402072111,0.04051561524022618
C*03:03_inter_BMI,0.2482030719947903,0.02494873501112541,0.2250153876000653,0.1834634407389166
C*03:04,-0.1456899383079824,0.01735020080553127,-0.2036463369053798,0.03015745063494042
C*03:04_inter_BMI,0.1134425008149177,0.3747846791323474,0.2452425428193492,0.2149680714604408
C*04:01,-0.01240440633921715,0.6781798911526143,-0.06159268491441264,0.1642870226010913
C*04:01_inter_BMI,0.08845354502643803,0.1653882019088998,0.1551553774365423,0.09909976313002039
C*04:03,0.04517183999479374,0.833247461499777,0.2131419294964244,0.5679746286048557
C*04:03_inter_BMI,0.7362208115413491,0.09809679690663425,0.3546573904852482,0.7158320387123259
C*04:07,0.1076346118820427,0.2017165865059701,0.2704882303997618,0.0904555124010737
C*04:07_inter_BMI,-0.2977074968326998,0.1714702760942086,-0.102448729049056,0.7787347545926866
C*05:01,0.1263176686295831,0.003205764210740038,0.1465421392455145,0.01625534226798716
C*05:01_inter_BMI,0.01419028988786532,0.8754777204797107,-0.03857242788569582,0.7684379905715685
C*06:02,0.03082324221903926,0.3743276047995162,0.01570259687756258,0.7670634894395585
C*06:02_inter_BMI,0.07186337740825159,0.3270871177877609,0.1207204254380777,0.2774894884816442
C*07:01,0.0147815726021471,0.6254699363913185,0.006252493552984164,0.891564026487774
C*07:01_inter_BMI,0.08022830782367316,0.2140634428888303,0.08746492782166183,0.3685016366012644
C*07:02,-0.05552567131526863,0.152914129319694,-0.03907091437256545,0.514672158151536
C*07:02_inter_BMI,0.1220664567686019,0.128849969144981,0.2257240521976526,0.06655936714186006
C*07:04,-0.02788705530545977,0.650699933607755,-0.03235501573940723,0.7260893855935222
C*07:04_inter_BMI,0.02729538849837561,0.8377697165322238,-0.1311737492922921,0.5192063682048597
C*08:01,0.1836339368014152,0.3124798982724101,0.250289625893949,0.4709638186235091
C*08:01_inter_BMI,-0.1782584425292848,0.6678780472310142,-0.6912546427377209,0.4392375353308235
C*08:02,0.06470406372066942,0.6137815592199871,0.1103310155888866,0.5519757452158494
C*08:02_inter_BMI,0.2213917103127264,0.4120098191894533,0.6815518382486684,0.1158857922189218
C*08:03,0.5639644943304591,0.0896371822606597,0.230519680726617,0.6355676635651701
C*08:03_inter_BMI,-0.8894052969271804,0.184975992842534,-0.8355527524488209,0.4873122113067238
C*12:02,-0.02020016561451442,0.7264857875019766,-0.05899615422905215,0.4610616738009699
C*12:02_inter_BMI,0.1711002205554875,0.1609642340845294,0.1567000264432742,0.3630212838196657
C*12:03,-0.01337139738874216,0.6929210864785906,-0.04337196074074692,0.385076404991724
C*12:03_inter_BMI,0.0486167867373247,0.4960521160841931,0.1235134408360374,0.242876576447825
C*14:02,0.04966734190391668,0.4015207469439455,-0.06652976317186608,0.4736231736925016
C*14:02_inter_BMI,0.01328916361554504,0.9160881361207464,0.3772735268858706,0.04451621328677823
C*14:03,-0.1254572743133939,0.2004314239961916,-0.2073565847081767,0.1844327429556927
C*14:03_inter_BMI,0.2000753324094887,0.3020514471053958,0.3152921326463576,0.3220426614041415
C*15:02,0.1030363318347578,0.0257474308381976,0.08433780838523264,0.2387226394221393
C*15:02_inter_BMI,0.01938873062946295,0.8421752351827787,0.1372551194044177,0.3579839336659606
C*15:04,0.01542312648257131,0.8506298810544913,-0.1919864994350609,0.1238858144352623
C*15:04_inter_BMI,-0.03147169140647095,0.8615519325822809,0.1403791145865772,0.6014860467787266
C*15:05,-0.01663666712997715,0.8495018854450368,-0.08711812223012146,0.5325104757373493
C*15:05_inter_BMI,0.2370717600246149,0.1977845738743743,0.2383289541225835,0.3969348983010671
C*16:01,0.0122419953685746,0.8033146137643603,-0.09441352841344273,0.2022235930955557
C*16:01_inter_BMI,0.13547916309532,0.1906782464390955,0.2548049824438804,0.1002590151014589
C*16:02,0.004384383604156068,0.9469503078026095,-0.1162634523197722,0.2689826652235684
C*16:02_inter_BMI,0.01017616890803557,0.9430830550576267,0.3766499100315805,0.07705838856970645
C*16:04,-0.0324658752056302,0.4619874702193613,8.23817271929899e-05,0.9990011481134888
C*16:04_inter_BMI,0.1344999686601794,0.1496104376614043,-0.09331573466034791,0.5099030382029666
C*17:01,0.05551116884518482,0.3308727153226662,0.05313521071860392,0.5304212902918586
C*17:01_inter_BMI,0.1007670160215099,0.4177463188101617,0.2041523939008652,0.2746309000930919
C*18:01,-0.2762593232981262,0.220084336718869,0.1236599603016065,0.8460846199909111
C*18:01_inter_BMI,0.4070915713154067,0.3867684420857785,0.5694116633548862,0.6155754809769167
DQB1*02:01,-0.04587982841391942,0.1637249061510001,-0.02699342103064181,0.6080765162441713
DQB1*02:01_inter_BMI,0.03758449599129387,0.593212185085504,-0.106356075392432,0.3331652660923347
DQB1*02:02,-0.2082242501683916,9.189653471725302e-06,-0.1560925403538336,0.02043409389008649
DQB1*02:02_inter_BMI,0.1263437214091329,0.1925605928835828,-0.05416568346736082,0.6974631583771468
DQB1*03:01,0.01755033013215801,0.508446912159096,0.00748956593021992,0.8490268891869768
DQB1*03:01_inter_BMI,0.0913370872716415,0.1015504187498948,0.0301021525752718,0.7130470175798143
DQB1*03:02,0.01460906712671398,0.672892120195331,0.0811960920642037,0.1400735659663661
DQB1*03:02_inter_BMI,-0.06230998814364986,0.3965234278326309,-0.1514461666879277,0.1846336512399414
DQB1*03:03,-0.0120527251615837,0.812760553487035,0.003263117937890463,0.9643243892842491
DQB1*03:03_inter_BMI,-0.04283598883601519,0.6954138413171886,-0.1448470554171427,0.3497762333909487
DQB1*03:04,0.07209729147556944,0.4055257926347371,0.2078220647739166,0.0786828488663336
DQB1*03:04_inter_BMI,0.1534214627292694,0.399275591361968,-0.203813870425884,0.4330600158160656
DQB1*03:05,0.02344927936612987,0.6368522551941806,0.1121489870457615,0.1271770782929771
DQB1*03:05_inter_BMI,-0.1647723738685377,0.1350228283812464,-0.3024440981929092,0.05870604035018256
DQB1*04:01,-0.1287733352730108,0.3728944190480192,0.02932851610741614,0.916314628269681
DQB1*04:01_inter_BMI,0.1382855692708383,0.6357815252536112,-0.1852234771500588,0.784822184231136
DQB1*04:02,0.04795642106696042,0.4396179643259136,0.1073853420204757,0.2539329149066809
DQB1*04:02_inter_BMI,-0.0560755692748527,0.6695786480244742,-0.2226827473772778,0.2804808244452854
DQB1*05:01,-0.01442728129011253,0.7688729515531747,-0.03972635208014182,0.6111714884574817
DQB1*05:01_inter_BMI,0.09727604128430006,0.3442356690062423,0.03894580965083618,0.8099113244536968
DQB1*05:02,-0.003132564163166643,0.967322796688315,-0.003000552820948466,0.9793125090051282
DQB1*05:02_inter_BMI,0.04263160492279544,0.7846136684535018,-0.1297670538606633,0.5853898668904756
DQB1*05:03,0.01832872126861341,0.7941588551056626,-0.03742535239066704,0.7386812443042872
DQB1*05:03_inter_BMI,0.2452048603147662,0.0900360822795569,0.2590616177995228,0.2614739935514371
DQB1*06:01,-0.03245249677945467,0.6614736500432885,-0.0183311825685153,0.8869112921703294
DQB1*06:01_inter_BMI,0.02482433412493665,0.8740932862689625,0.05712945332661221,0.8255122357553217
DQB1*06:02,0.01687571959374886,0.8012641716260445,0.04335027568021962,0.6906961693698435
DQB1*06:02_inter_BMI,0.2343230180751485,0.1191882215062691,-0.04245712611916776,0.8506626408501041
DQB1*06:03,-0.01287304923408947,0.7714284718582036,-0.0237363663508611,0.700495950387849
DQB1*06:03_inter_BMI,0.1175007189247488,0.2034874036280437,0.1732576366180009,0.165209919420844
DQB1*06:04,0.1746548200688794,0.007283597669040235,0.1127028968292081,0.3185660703413926
DQB1*06:04_inter_BMI,-0.3101168745174519,0.01933520475299775,-0.5266373480786212,0.01172557249071251
DQB1*06:09,0.09926239246477571,0.1528513527724716,0.04211548257982376,0.7155636285428191
DQB1*06:09_inter_BMI,-0.2415298774137127,0.0928739509600399,-0.3930362986703459,0.07029693530921483
DRB1*01:01,0.05242457713729416,0.3970784180144884,0.03121227990009023,0.741942441380264
DRB1*01:01_inter_BMI,-0.0616096605147406,0.6337241235968956,-0.1343405592077644,0.4980825946949196
DRB1*01:02,0.02812816753934852,0.606071016354835,0.05480684669821261,0.526042882155672
DRB1*01:02_inter_BMI,-0.08270638200888786,0.4703778694313826,-0.05126128674756573,0.7751804691317328
DRB1*01:03,0.05160913721733648,0.5597503283032943,0.1442768998999822,0.2382799021674521
DRB1*01:03_inter_BMI,-0.08492434352315192,0.6417540874403034,-0.152850219339917,0.5567867928985357
DRB1*03:01,0.2390714344716985,5.410313861816453e-10,0.2452287846569536,5.681088752157994e-05
DRB1*03:01_inter_BMI,-0.03834718353191695,0.6351245178772655,0.07363453411234172,0.5569065179793706
DRB1*04:01,0.1466311697457487,0.006297047440626163,0.1156434926842317,0.140418425215338
DRB1*04:01_inter_BMI,-0.1027110471834887,0.3774266174292363,0.07723460894513584,0.6311977801887603
DRB1*04:02,0.141464471335937,0.0006086833673484168,0.06066241736380637,0.3428020545665871
DRB1*04:02_inter_BMI,0.01482274376648889,0.8631209853147955,0.1171041885246415,0.3712914355898087
DRB1*04:03,-0.0126615369613391,0.7630932231235675,-0.04010671136229103,0.5452467078083454
DRB1*04:03_inter_BMI,-0.04344091505406291,0.6249550890622194,0.02763678575917922,0.8405500586421031
DRB1*04:04,0.1164758938796423,0.0271451193869197,0.05858205230768372,0.4745342462583163
DRB1*04:04_inter_BMI,0.01918116474380083,0.8639842529566086,0.009169498243254184,0.9587029397615774
DRB1*04:05,0.1616932562673499,0.0005490563469886457,0.116097053172788,0.1218257277060372
DRB1*04:05_inter_BMI,-0.01136923312532169,0.9072497367052408,-0.0708049798010485,0.6559260106399593
DRB1*04:06,-0.1173851711401719,0.2558735389597896,-0.2664074571559071,0.1197858405994023
DRB1*04:06_inter_BMI,-0.03768217942791065,0.8629195955208592,-0.2246935292314235,0.5607820538480868
DRB1*04:07,0.3193587647639767,0.001507238546119388,0.362427753734197,0.01225578829035324
DRB1*04:07_inter_BMI,-0.3463630793763735,0.1134446425196611,-0.4528626352046949,0.1623578127140649
DRB1*04:08,-0.003624406703355853,0.9745687873242986,-0.09733843165217766,0.5291522246556679
DRB1*04:08_inter_BMI,0.1051139306019747,0.6556553367855901,0.4455575138470234,0.1685454335068038
DRB1*07:01,0.1627214661294574,1.213350354737973e-05,0.1611501054357426,0.00558187345415158
DRB1*07:01_inter_BMI,-0.07531845661575995,0.3344522546873829,0.02125091158570984,0.8596997580697302
DRB1*08:01,0.0130462659344169,0.875460855080946,-0.03263709901761758,0.7907406237567696
DRB1*08:01_inter_BMI,0.06693902039539189,0.7040722547889516,0.05912336293610972,0.827978915587952
DRB1*08:02,0.1443724127513159,0.4679945047437198,0.2518405307047832,0.4342948102212369
DRB1*08:02_inter_BMI,0.5090115947616274,0.1487093191206021,0.7048954925720292,0.2153022116881795
DRB1*08:03,-0.0113973730019712,0.9201602662757145,-0.05609022404096184,0.7443013267140356
DRB1*08:03_inter_BMI,-0.3581714847755048,0.1736522297352493,-0.2245649960220936,0.5526167802567737
DRB1*08:04,-0.1614602120283543,0.04056775542113661,-0.09301827875873138,0.514057703942406
DRB1*08:04_inter_BMI,0.2454859614847337,0.1331769009144448,0.1059544157161834,0.7126606001880855
DRB1*09:01,0.1724957146129853,0.03495120195216645,0.02222253948444576,0.8588016053810883
DRB1*09:01_inter_BMI,0.009980442955765428,0.9540346343382586,0.3566093444505921,0.1503964257947418
DRB1*10:01,0.1899897848725,0.0004673980197102657,0.1651301836652468,0.05280565682292157
DRB1*10:01_inter_BMI,-0.1718903253972577,0.1311762793294769,-0.1861122954357005,0.2960221309536006
DRB1*11:01,0.2121328113992018,1.30260659953333e-10,0.2279633357892371,2.584226252438799e-06
DRB1*11:01_inter_BMI,-0.1006018158173889,0.1382264167784036,-0.09755616053752487,0.3256590274215989
DRB1*11:02,-0.0676519191317799,0.5903772960819436,0.04036026111736523,0.8364131016840877
DRB1*11:02_inter_BMI,0.1655557252115984,0.505003468041632,0.3063230304411813,0.4029063503530806
DRB1*11:03,0.129078452684689,0.0739917453182441,0.154628769029966,0.12511701465516
DRB1*11:03_inter_BMI,0.03944026318739026,0.7912045768588452,0.1139177433080536,0.5785799311275719
DRB1*11:04,0.1339450115695397,2.551052806390588e-05,0.1118590946313895,0.01754992552910888
DRB1*11:04_inter_BMI,-0.123883042121136,0.05743495533144458,-0.04905423125912869,0.6077265215547404
DRB1*12:01,0.1057280562088401,0.0106394744498583,0.06208032130228421,0.3018910534138678
DRB1*12:01_inter_BMI,-0.07530102699476632,0.3883384216089704,-0.03400296280542316,0.7863207504009329
DRB1*12:02,-0.06876120550990025,0.610574632250385,-0.06990087039156435,0.7327361051247872
DRB1*12:02_inter_BMI,-0.1340511410502201,0.6433895257015847,-0.721423346324533,0.1620372414675114
DRB1*13:01,0.005162582552185657,0.9221866207813869,0.02290134616393905,0.7600875212084615
DRB1*13:01_inter_BMI,-0.1194673400715893,0.2769460798543829,-0.2216202949506358,0.146650767057684
DRB1*13:02,-0.1401788992525285,0.02903456702814219,-0.1073040723470131,0.3351706911209776
DRB1*13:02_inter_BMI,0.2930042686704297,0.02400518185752845,0.5353604089390972,0.00856474973551945
DRB1*13:03,0.05623215878419951,0.1637928905765612,0.146450377003483,0.015698211938817
DRB1*13:03_inter_BMI,-0.09858491294134747,0.2402479216083422,-0.1397840228451999,0.2629809409379953
DRB1*13:05,-9.677336161587296e-05,0.9983063224323083,0.04095656765432938,0.528586013727506
DRB1*13:05_inter_BMI,-0.08804207898708571,0.3466505258066279,-0.1680997130174408,0.2193987651318366
DRB1*14:01,-0.03647791382163375,0.6110021906974792,-0.02686690492973642,0.8127163934285658
DRB1*14:01_inter_BMI,-0.2962150574437082,0.04536427702263963,-0.3395709256544852,0.1487199870794921
DRB1*14:04,-0.04568194172953781,0.6001794716894988,-0.280812935600477,0.06545971431520378
DRB1*14:04_inter_BMI,-0.2995868728747965,0.09786731576251577,-0.08687528093627685,0.7696131933381867
DRB1*14:06,0.1569651154387342,0.2502167063276147,4.505297539841203e-05,0.9998428894726257
DRB1*14:06_inter_BMI,0.06930257226988613,0.7969833552155693,0.8407016101647334,0.02572504287806414
DRB1*15:01,0.06145896589427686,0.353851574259215,-0.03440821127125498,0.7462765862003706
DRB1*15:01_inter_BMI,-0.2893858281597483,0.05012085473829205,-0.01993753122543713,0.9276861545080105
DRB1*15:02,-0.04697530079404555,0.5448662149554153,-0.06132501569421078,0.6478346605766313
DRB1*15:02_inter_BMI,0.0884761880012237,0.5877393229990941,0.1591524345672405,0.5562041298348459
DRB1*15:03,-0.3160502135396444,0.009938706790121115,-0.6816281605989711,0.09160965409735465
DRB1*15:03_inter_BMI,-0.431702747508626,0.1883567658940213,-0.006157470068700789,0.9943251180511078
DRB1*16:01,0.01163907686665171,0.8856213265773001,0.005480351291012151,0.9645907126543223
DRB1*16:01_inter_BMI,-0.01067987527004346,0.9478981490866147,0.2001634586331044,0.4228078887427961
DRB1*16:02,0.01362984668668845,0.903009393996476,0.006173178498651078,0.9706350682881608
DRB1*16:02_inter_BMI,0.04521166641437302,0.838987731399756,0.3876513689763901,0.2394749067261936
const,-2.662084921654235,0.0,-2.684289554927251,4.291453754766666e-180
MIN,-0.3846756682737916,2.050298756729175e-271,-0.4098475470505947,4.867412172868177e-143
Age_BMI,0.1907724901083928,0.0,0.1719272480672938,4.595283725094097e-138
Birth_year,-0.08922073519225752,8.398203507717582e-61,-0.08352210092575602,6.907310489046366e-25
dapar_3gr,0.05925483397945344,4.128454798538423e-29,0.05381446921385127,2.509307366514561e-12
Educ_GE11YN,0.02814969008889505,8.251650869353708e-08,0.02617942233458132,0.0006504079448478463
Israeli,0.3936840894830493,2.205513508795217e-99,0.2637070505270976,4.236287718678664e-23
Eshkol_3gr,0.1089571225901061,2.486963484058739e-97,0.1283647147982296,4.29228880804877e-63
