,1_all_pvalues,2_all_pvalues,1_ashkenazim_pvalues,2_ashkenazim_pvalues
A*01:01,0.8355603196215251,0.1326207201128596,0.7821936469623644,0.2259794980700909
A*01:03,0.3802028515947292,0.8217191972740321,0.9801943910069668,0.4997245030552265
A*02:01,0.1025347336227907,0.2484406873800097,0.8405350279560586,0.4251008134866791
A*02:02,0.008148227392167303,0.6888360203222175,0.1884678270287904,0.7069702708257513
A*02:03,0.03549014699577954,0.7321206352491216,0.005930135040419417,0.4912505161469392
A*02:05,0.577769811564231,0.1227820507678656,0.857966223974729,0.07366795303536768
A*02:06,0.8615694210542382,0.8855373486414205,0.7541373718923383,0.2238134243941621
A*02:17,0.9118987122838292,0.002731708125802013,0.4531264517848721,0.0001373349488487491
A*03:01,0.1079195576904678,0.451570927680128,0.05561495860242162,0.2044355777990212
A*03:02,0.9889046465414993,0.01789615894365836,0.9551970447387305,0.00728248731754438
A*11:01,0.3769918380177605,0.03693134643046742,0.6614807153870298,0.2113527851450772
A*23:01,0.5243855946735665,0.3028345805280851,0.943354718827132,0.1657784522877436
A*24:02,0.7562065697876847,0.269816693743443,0.6403469873614749,0.1444854718036071
A*24:03,0.8358329802456407,0.1193410660118467,0.2494631910072221,0.1128613758424457
A*24:04,0.5749038259887709,0.784403742562463,0.5706414377244524,0.1973244514951606
A*24:07,0.06476606552466574,0.7000919244296537,0.5349661322687458,0.3507431506313418
A*24:17,0.114458630747459,0.6122914790473948,0.2715041348198565,0.4570876991973754
A*25:01,0.01655984530254943,7.09104941224731e-05,0.006420291332450508,0.0009176639515843975
A*26:01,0.5280462529927852,0.836426928289886,0.7533192784703595,0.824797532409887
A*29:01,0.4721792697196753,0.00117203741259473,0.5042398806153725,0.00941650545986465
A*29:02,0.2750042537714835,0.06254164277934429,0.6620772761080516,0.08430595632402077
A*30:01,0.2701234739468825,0.009040735015651523,0.4817502917522526,0.03740425782480746
A*30:02,0.2115184726118143,0.3444002429364976,0.1973778864232472,0.06712713683128196
A*30:04,0.6435861738742117,0.9463068767100947,0.4588371894132169,0.1556583445034677
A*31:01,0.04533874927887401,0.03964024699410226,0.2653172007324893,0.3269484673166989
A*31:08,0.4589271711801045,0.8087616338668628,0.851817251270693,0.3634347999560187
A*32:01,0.02944461051608935,0.2972742991678933,0.09493571083044372,0.1253673834523086
A*33:01,0.9627650917527527,0.6228401255466061,0.9318830549546554,0.3447148568878017
A*33:03,0.124423881383189,0.2112190670088406,0.1562311837365443,0.02672709062474327
A*34:02,0.4221050773658175,0.2008102300517353,0.7614201330055749,0.9813061728592396
A*66:01,0.7560008551245656,0.4177716378396531,0.6191233050410521,0.1700610220691718
A*68:01,0.000874547492174103,0.7533885271420964,0.06179360690019346,0.1336209349953828
A*68:02,0.008179454969757518,0.9154303500090059,0.3627091284010643,0.2118904605493116
A*69:01,0.5767519979985944,0.4600342636358459,0.2505103566132283,0.2652388052684352
A*74:01,0.5509762192657323,0.9848620143493839,0.1700485142139405,0.9661933657672916
A*74:03,0.2540561826529634,0.4661618381276877,0.9472406262469807,0.00811652780285007
A*80:01,0.5032032492943419,0.3313084468706419,0.2673754474654453,0.9129115725932113
B*07:02,0.3553396061658152,0.4476961858377699,0.4948649106219373,0.9323661380926969
B*07:05,0.8042753588314829,0.2350101070312329,0.5334793902287729,0.5275807105006652
B*08:01,0.2798433108574181,0.7057906467125924,0.3509064810279653,0.6489303159783166
B*13:01,0.831768506816752,0.9817667433525451,0.9821129092432708,0.943310050448429
B*13:02,0.1508759359028399,0.3537440769991208,0.678710356213807,0.1750984375248384
B*14:01,0.530765828638928,0.06960322870477474,0.09384341059012861,0.6212480370001776
B*14:02,0.6026706626314715,0.07534750914277073,0.5843308534615677,0.8035919043425018
B*15:01,0.6917011763224723,0.1639078367477855,0.1748301714097287,0.03870111233824707
B*15:02,0.3865809142094861,0.1997672117498309,0.4728840419942018,0.1862150389778497
B*15:03,0.855088839137771,0.08636192205511949,0.02675636314517771,0.7846834361752181
B*15:10,0.266197792984475,0.8873703787223183,0.8767323016920531,0.238872365007588
B*15:16,0.08286006290575476,0.7265012692579043,0.2662850032028864,0.7732854810059058
B*15:17,0.7712547297970493,0.2707925716262576,0.885210035987422,0.05244774087574223
B*15:18,0.03980327233117584,0.09399957261157876,0.002722578425315982,0.6953032862542092
B*15:24,0.4023094415718207,0.8940845108497786,0.2245430154234008,0.9084453290896497
B*15:29,0.1046779556718021,0.5394002527862747,0.7617492444568637,0.6414626489350803
B*18:01,0.04585825798133249,0.1385558710199777,0.7106023050114816,0.8655969829916834
B*27:02,0.02243534479825859,0.008412817048732417,0.009935515516599932,0.0440999107921315
B*27:05,0.563602695378095,0.2066707693531513,0.5304242765927814,0.01889473797857901
B*27:07,0.3144439857937827,0.3395954255440066,0.2703037942338132,0.2336536569728227
B*27:12,0.1118778987738917,0.770113753620362,0.8348889138503116,0.2939201578150719
B*35:01,0.2837639264613163,0.937357889546776,0.5456390460948359,0.05917786689776699
B*35:02,0.2787550144603422,0.2984227299432778,0.9627916881788802,0.00732105461819883
B*35:03,0.06726382040322522,0.09126152787503065,0.5741513407301916,0.1298766359025505
B*35:08,0.002638781339759735,0.3789931812921602,0.9028716986577481,0.7406676220999387
B*37:01,0.019225471629242,0.1549394296052791,0.04078673798250309,0.7589396044165772
B*37:02,0.0595505881648614,0.9024112076257768,0.1654872731705507,0.5300914630719301
B*38:01,0.1626660015519567,0.04962580431784694,0.03384389390092059,0.02468101356380292
B*38:02,0.01417238458464097,0.7994568066170962,0.001885199993295591,0.9788492007057399
B*39:01,0.5461276815725893,0.1336606601524109,0.4830923280246008,0.09436304628719074
B*39:06,0.01276072854720882,0.467313942467155,0.07629731953481299,0.6625028189507536
B*39:10,0.904931221307187,0.1213981597171072,0.4039127928140173,0.4750070556306001
B*40:01,0.4377355661220939,0.869949358984925,0.2522873912134634,0.6941734484278858
B*40:02,0.06648926360938288,0.6880225874921027,0.3118779173568477,0.7814676875008871
B*40:06,0.8843093044171423,0.8593478443611885,0.3435532327883586,0.6833640772837373
B*41:01,0.9864892721644104,0.5170233858207,0.7829693002999009,0.1500756528263477
B*41:02,0.9774954546734402,0.8822190810166282,0.636534581967461,0.8835056123088993
B*42:01,0.06644446305481966,0.3573423330866058,0.3968233065522772,0.6808198474728375
B*44:02,0.2453597765501447,0.431242336423689,0.1731571851144039,0.3133998733245934
B*44:03,0.006762466787645346,0.02366327992911519,0.00484312017579667,0.00672093632208412
B*44:05,0.6038269727201252,0.9384976050183128,0.1513271184939071,0.6226440528849879
B*45:01,0.1209088035526428,0.5193489656397329,0.7055120349654571,0.5091543139540737
B*47:01,0.6733767173487539,0.668799187688143,0.9910558533390085,0.6119994919134357
B*48:01,0.3530803539085527,0.4104915935828745,0.2980874421619107,0.8121929189532482
B*48:04,0.9924632389303478,0.05066989285740543,0.9303200067683486,0.4943061437432632
B*49:01,0.3283503607893501,0.1054954604812967,0.321625694145207,0.04212323601745573
B*50:01,0.1778980116135779,0.7147703803233886,0.7333756906142254,0.2104728298783801
B*50:02,0.2063467969463627,0.06807643302593301,0.093356077050955,0.9472422135975838
B*51:01,0.3188885921362011,0.08167907274202563,0.8017508106754014,0.3245051515481017
B*51:06,0.005075989372192926,0.7634309469303263,8.482283718330596e-05,0.8897547063531138
B*51:07,0.3926086652834676,0.677403839787293,0.8776922267617953,0.9207389461736427
B*51:08,0.02469914764333472,0.159756951180155,0.3716401107006359,0.02135702419015629
B*52:01,0.9367845026819551,0.7470620625309962,0.6535653621689385,0.9780443024281272
B*53:01,0.5140340500147965,0.0649334121553117,0.6275255481964768,0.190245856105451
B*55:01,0.9959760390587558,0.9536546870654156,0.1444157963558106,0.2290471674011667
B*56:01,0.1053278528647201,0.2686919800260176,0.6384397308663836,0.6469286301516153
B*57:01,0.4858438336479745,0.2602608659073974,0.9927044405718417,0.8300310009760623
B*57:02,0.8868989146786881,0.8885820991136681,0.4393725580279292,0.997549773901925
B*57:03,0.4273905339811855,0.7492640602343832,0.723222362629871,0.2267889215569002
B*58:01,0.004692686715231468,0.005959880433988201,0.2975959749818724,0.01214798770288144
B*73:01,0.06422147564910764,0.009287854390657118,0.8124806057143112,0.1441052749652279
C*01:02,0.6815669056959796,0.282752987364305,0.2313006707853239,0.1596949339777655
C*02:02,0.3985797947227366,0.3964227340613258,0.7608986479956362,0.3310671860420804
C*02:10,0.01283315155632797,0.03309011412685019,0.2775658011612124,0.553232792513368
C*03:02,0.3859725143135293,0.2814690416405625,0.6893615136829085,0.02395185514858163
C*03:03,0.9766242273944274,0.8757714347616482,0.3442748358798203,0.1075061591772638
C*03:04,0.3326555181072035,0.1839370127747194,0.4904380881130349,0.3120694038047352
C*04:01,0.274978241710534,0.6006877472541228,0.5434483766392217,0.02926554496657275
C*04:03,0.4505596297211393,0.3059929579324814,0.8244933460688257,0.1608363494723212
C*04:07,0.674146362394809,0.4144142404600669,0.0338708438089718,0.8291259380778699
C*05:01,0.002322385336195963,0.3972926378442495,0.007103014778454313,0.7721699269390458
C*06:02,0.3156682775925526,0.115123509605995,0.1406851735825521,0.8675593470474705
C*07:01,0.09850480260636317,0.5958760164748925,0.03919913474178064,0.3011164338020867
C*07:02,0.8343876834265063,0.7159454430924583,0.2131599923682633,0.4059268503664711
C*07:04,0.8274657559458725,0.8319211441290624,0.5169248321396747,0.8308720155539692
C*08:01,0.4589954192497657,0.1787335884258007,0.2616526376711054,0.1828639437425664
C*08:02,0.8614861253607603,0.04105618741026877,0.2006052104428575,0.4389705848502184
C*08:03,0.4951091082730832,0.3227755883779494,0.6025741354298748,0.8655545290412958
C*12:02,0.8880527776858864,0.7539381598320416,0.9691431607558777,0.6109897138053004
C*12:03,0.8187184766639692,0.7653004343374639,0.811010609707225,0.5663397105717766
C*14:02,0.2554443639688972,0.7021510734190779,0.9191109197171754,0.4947755747057518
C*14:03,0.8547159404759829,0.8749790195847431,0.3735911465311995,0.9071727105867132
C*15:02,0.0123604573193734,0.04742376045299282,0.07894689283899192,0.1613493703618593
C*15:04,0.8961069436539472,0.1706342132164871,0.06237922465948428,0.5874293782016959
C*15:05,0.4601844656648424,0.1571094807918565,0.9571874714764238,0.6623089392932445
C*16:01,0.1824422334940564,0.7779645811645635,0.8974642742778343,0.5041059636795674
C*16:02,0.6225314306787528,0.9914543768961624,0.7527161985740495,0.5614302266544853
C*16:04,0.8618763827576595,0.8674617185286023,0.8052487386983722,0.3825479508457608
C*17:01,0.1640317397792553,0.8031048790738848,0.0790730041062748,0.9313049852948166
C*18:01,0.3992546667883258,0.9995104277126139,0.2317416541708969,0.8485582549978863
DQB1*02:01,0.9020223606777102,0.01023404603612686,0.9046130919598598,0.006449672020730865
DQB1*02:02,0.005333517269501016,0.0002470675111598371,0.130237734404107,0.001005661415651178
DQB1*03:01,0.04036282068109422,0.4928491581121116,0.9982116987153025,0.0658164294440086
DQB1*03:02,0.944367068425017,0.9193748438726638,0.6487660914556288,0.07550872005088992
DQB1*03:03,0.7294178952727097,0.7333105917064997,0.8992981631746854,0.4068721192928427
DQB1*03:04,0.3192057805691171,0.04428168548680921,0.2509697151946788,0.09398210890758445
DQB1*03:05,0.8882128328955993,0.6339591496637851,0.8541897459498711,0.2494078076268464
DQB1*04:01,0.4520893195780843,0.448877560498406,0.6229968288736991,0.547357726558283
DQB1*04:02,0.3663500823291086,0.1002641372224662,0.3073839184980666,0.741620190994857
DQB1*05:01,0.7856882746054626,0.4078433237420163,0.4842064515115296,0.6541161493368924
DQB1*05:02,0.7643680270209608,0.8447632105719292,0.7242508451448283,0.8160804397512357
DQB1*05:03,0.2873394800321092,0.4151571319227537,0.9349588639702165,0.2976664780711363
DQB1*06:01,0.637555909965754,0.466184883823746,0.8021662365897091,0.7233612488603837
DQB1*06:02,0.2574301645201009,0.8710706648667579,0.5424473354586599,0.2548874799799455
DQB1*06:03,0.3556411218167065,0.8145908863018525,0.6967231396140436,0.945033508710132
DQB1*06:04,0.1378061839455627,0.2242029381336275,0.6928136010424759,0.6528700279261752
DQB1*06:09,0.530117366947695,0.1911620538593374,0.4990324464860568,0.6947127339983568
DRB1*01:01,0.6540377329038137,0.05389918845997563,0.6880752291868817,0.5722885796875781
DRB1*01:02,0.694668169456233,0.01270150514441617,0.3778495861225288,0.5431213117853904
DRB1*01:03,0.5558004401961162,0.7570311868517412,0.2085679025526167,0.8967812074701786
DRB1*03:01,6.223843457838744e-09,6.093310344017206e-08,4.876060780521727e-05,2.038612094987957e-05
DRB1*04:01,0.02719150514430268,0.172791059678319,0.03448355865842,0.7329419027565659
DRB1*04:02,0.0004937070953604079,0.01910886105216495,0.05493250630373384,0.8211695442363653
DRB1*04:03,0.8037720251106426,0.1745727549208858,0.9887135171803437,0.1485939666840616
DRB1*04:04,0.01424092126697757,0.2142662093869994,0.3341885030910154,0.7272106529444595
DRB1*04:05,4.719039194803819e-05,0.2109074290886994,0.09791985989846366,0.5447594620602494
DRB1*04:06,0.1468426072706224,0.5215676732372125,0.05118419464725382,0.2723754829951774
DRB1*04:07,0.04643550956525049,0.06694521961006125,0.04609200048626651,0.6686778130546259
DRB1*04:08,0.8298557755260868,0.6592637678327873,0.6183261902671006,0.2981712872523519
DRB1*07:01,0.000534704851820438,0.0001865506593344666,0.01296092450203463,0.002297264867209323
DRB1*08:01,0.5836818647240732,0.3724697053117022,0.9809528057442884,0.9087380373640885
DRB1*08:02,0.1783757824133868,0.4371926645511315,0.1486220823701655,0.2537402025211987
DRB1*08:03,0.9963319570877653,0.1353864316326596,0.3675015581548842,0.02276559682927678
DRB1*08:04,0.2146818074419933,0.01272500370678293,0.9670739527968646,0.1005092522798707
DRB1*09:01,0.04304268716293366,0.720838755959814,0.5559583329244366,0.685760049391543
DRB1*10:01,0.002413304668721403,0.007097498621947316,0.08286068567709128,0.06013173970183801
DRB1*11:01,3.423752660742771e-07,1.844352185719845e-07,6.492452471672948e-06,0.009409460986579027
DRB1*11:02,0.5088060922426362,0.5089306099718391,0.4067728931562534,0.8234785526358793
DRB1*11:03,0.04703308981375845,0.2134522643571198,0.095059105204303,0.2384674151437349
DRB1*11:04,0.0004930337955241983,0.007819037137164064,0.001998719733029328,0.8737940897001149
DRB1*12:01,0.02751014882714282,0.2741795010557099,0.335582358070188,0.853806594657707
DRB1*12:02,0.3535821394200734,0.1540830472141739,0.1899939852122033,0.07803039992336194
DRB1*13:01,0.3842830781193337,0.8894718062957272,0.5611540986863943,0.4792894385615473
DRB1*13:02,0.3638717524030493,0.2134246182242906,0.4452142239501058,0.4918029847523746
DRB1*13:03,0.6284443765692695,0.06627765380537765,0.02399231073923904,0.448653963601371
DRB1*13:05,0.2612439264966113,0.2931150967345063,0.9543581199005957,0.7201611064159208
DRB1*14:01,0.1843926549591832,0.1969232766416964,0.5382666403484933,0.1314690104920927
DRB1*14:04,0.4911771805142505,0.2280739714343027,0.08080789337602307,0.05879378888346125
DRB1*14:06,0.06314444439535408,0.6165443339458249,0.0319160779991175,0.5761200765882311
DRB1*15:01,0.6063921916838841,0.3860905486156631,0.5284273114439588,0.1991777693365876
DRB1*15:02,0.7980999761540477,0.2456176333806143,0.9981000014124187,0.6567352588829933
DRB1*15:03,0.0006517526093199194,0.4927411784054496,0.109985827854282,0.8491132564396219
DRB1*16:01,0.5911935381247265,0.1303248783019209,0.8518159856047169,0.197177164572983
DRB1*16:02,0.7122918420297591,0.6104916327498107,0.2743464052676405,0.961002470196117
const,0.0,2.458303917111404e-205,8.098544999780044e-190,8.45987328478666e-101
MIN,1.110126337629665e-238,1.713941539591792e-66,8.901421645173112e-126,3.204390124634206e-32
Age_BMI,2.573922114996207e-114,5.912820204703003e-12,5.8043077562654e-49,2.098637178112814e-07
Birth_year,4.881937626400329e-05,0.3459339856020327,0.05277291190899888,0.4425469976101594
Year_BMI,0.01923406581145861,0.2133065546149309,0.3726564235823433,0.4919477451996223
dapar_3gr,1.952529250259111e-09,4.1692534188898e-26,3.713848548062479e-05,2.267943905494347e-09
Educ_GE11YN,0.0001651665638601544,0.002262723020474875,0.002368278763137565,0.004334229996447414
Israeli,1.405574372363628e-106,8.548223137911023e-08,2.486760734849538e-25,0.0129557546781762
Eshkol_3gr,8.916586283873122e-90,4.315750685470188e-41,1.940411137532857e-52,3.040572486286735e-22
