,1_all_coefs,2_all_coefs,1_ashkenazim_coefs,2_ashkenazim_coefs
A*01:01,-0.004671810691483784,0.07631886957943806,0.009377442387190703,0.0895105025066806
A*01:03,-0.04698754374427119,0.02823609716249743,0.002391311549483133,0.1397214007743745
A*02:01,-0.03725104551580262,0.05914867307563021,-0.006845471710528427,0.05919790343811195
A*02:02,-0.08459234204783483,-0.02973055877260201,-0.07032685050068296,0.0432843276451611
A*02:03,-0.3996435553562953,-0.1476732226654551,-1.239570798725253,-0.7117912708157196
A*02:05,-0.01842774948080045,-0.1161354736711238,-0.008640694627301902,-0.1944597075231444
A*02:06,-0.02238962130590304,0.03756150133184925,0.05881170018036978,-0.4839101783295015
A*02:17,-0.005680200167594148,0.3138618420793557,-0.06393867712254901,0.5568794367842115
A*03:01,0.04182357448303983,0.04398388646035479,0.07487141287373596,0.1072099428817313
A*03:02,0.0003472766993096072,0.1317858592162508,0.002108811538850883,0.2143421595309512
A*11:01,0.02242314143384466,0.1187419861249128,0.01667349703370742,0.10368666344134
A*23:01,0.01822542200873816,0.06608653014197176,0.003127634653869921,0.1295923669355979
A*24:02,0.007137913036761027,0.05716105012897093,0.01608494040075918,0.1089336815090367
A*24:03,0.009645293599600792,0.1548126520421487,-0.07932479155213412,0.2133493893260689
A*24:04,0.04201320154736771,0.0460567358746013,0.06248780695676912,0.2811832945154352
A*24:07,0.113498502822416,-0.05847132753211364,-0.07340361095281948,-0.2597817828745423
A*24:17,0.09776515826514301,0.07668184943166347,0.119789948700391,0.1819054918032514
A*25:01,0.0931076033592752,0.3227368051641454,0.1491181369712636,0.3715447728038569
A*26:01,-0.01611382017078119,-0.0117637464684863,0.01174546889116272,0.0179231750588294
A*29:01,0.02250610087101938,0.2209374978520258,0.03066922340902572,0.2496138288612578
A*29:02,-0.04811010261353096,0.1742096282769514,-0.02874715621098382,0.2259571078136079
A*30:01,0.03253898660038686,0.1698119484696421,0.03211470153781729,0.2000073339828375
A*30:02,-0.04266206880318578,0.07205842490758531,-0.06895828015854477,0.2022690877538177
A*30:04,0.02761445962121923,-0.009659827944996568,0.07156458391255509,0.2811786855743999
A*31:01,0.08471518010642216,0.1878733633257449,0.06953604811701286,0.1292198844852143
A*31:08,0.04163374385287492,0.03132330212984459,0.01464286835500537,0.1505061644345617
A*32:01,0.05915918872711202,0.06461049214528429,0.0691326699007093,0.1375132837009323
A*33:01,-0.001450685843487913,0.03389344175329533,0.003967138580564899,0.09266519244185004
A*33:03,0.0848266307066396,0.149809030423544,0.1195093417179688,0.3673755874605695
A*34:02,-0.0937665011037522,-0.4332405720755421,-0.05864748260087907,-14.57241757757715
A*66:01,-0.01260029509399552,0.07066082349945738,0.02909502917528518,0.1669608809507507
A*68:01,-0.1227645108333668,-0.02507681521328287,-0.1062488701434224,0.1674643011492283
A*68:02,-0.0816451767460757,0.007254718457190289,-0.04212448747614546,0.1210106061367209
A*69:01,0.02413663047224911,0.07080915263622847,0.07351252097357672,0.1519184448606812
A*74:01,-0.06616104190444709,0.005002457399012865,0.3180917097624026,0.02573772488414875
A*74:03,-0.2168808871902194,0.2817948758519025,-10.5291421502541,1.976255301142198
A*80:01,0.09453624088650892,-0.4019208017745011,0.2185784544089669,-0.05573684320558887
B*07:02,-0.03931470533879349,-0.07224978905672044,-0.0447888559660389,-0.01185724392433842
B*07:05,-0.01985877381960372,-0.2172065568610795,0.08060727062181484,-0.1771126466954972
B*08:01,0.04129476247641235,0.03234347535863962,0.05514474777059961,0.05755555245273826
B*13:01,-0.03526513333297231,-0.008416570430314688,-0.006926622720869648,0.04063219504643942
B*13:02,0.05627447831974407,0.08041677889882612,0.02572612986834847,0.1754435610708034
B*14:01,-0.08876109740170306,-0.6183744627333913,-0.3787281078918178,-0.224353359013578
B*14:02,0.06069619436997808,-0.5122013837837767,-0.09945228850691269,-0.0937240997417173
B*15:01,0.02035930251470815,0.1535773772460028,0.1052826318389151,0.326780638960649
B*15:02,-0.2933120349980876,-0.8710202888563696,-0.4450145451982106,2.296709831248321
B*15:03,0.01094754654201334,-0.2603400236462924,0.2397392510273173,0.06991435185705044
B*15:10,-0.1757349615907835,0.04771880110602984,-0.04180641869434968,-1.195814283683581
B*15:16,-0.2724315561197536,0.09852041288732938,-0.2449454602737816,0.1116631919442781
B*15:17,0.01199596923468597,0.1030762141418474,-0.009747925994950096,0.2722440620114132
B*15:18,0.3220649057833058,0.5181197943652647,0.644143732683309,0.1926560561645714
B*15:24,0.1480268523321465,-0.05314504254873418,-0.4245505779699988,0.06990769947977808
B*15:29,0.2757163530546356,-0.2679991588537795,-0.114482120244234,-0.3457869424526444
B*18:01,-0.0673461224817142,-0.1115053045750357,-0.01907271194209982,0.01836190491401679
B*27:02,0.1299152684434832,0.3213516501939421,0.2232962909600636,0.3560091701134382
B*27:05,-0.03753170886568177,0.171865661092203,0.06278443214782971,0.45571929274646
B*27:07,0.08706800022994311,0.1681872175051755,0.138188229787339,0.2848448390921757
B*27:12,-0.3281303458642962,-0.1239971316933587,-0.06628381690583453,0.556057643582908
B*35:01,-0.03817190387852921,-0.006152114169365584,0.03253390729845303,0.2119669852118296
B*35:02,-0.03935954055938751,0.08263144087890899,0.002532392217257822,0.3035638394737684
B*35:03,-0.08609107219139256,0.1648716913096349,0.03918371248529141,0.219097404550238
B*35:08,-0.1037927729513906,-0.0676670082704504,-0.006410451019674588,0.03696194380251507
B*37:01,-0.1296531656497971,-0.1719578052455454,-0.1717343380887038,-0.0527385122730475
B*37:02,0.2569389912845604,0.04083401477367726,0.3235607891842996,0.2985552144124166
B*38:01,0.05203132167223538,0.160804567453417,0.118821989412789,0.2637139128343348
B*38:02,0.4371922240201976,0.1197371822154785,0.9237577577099585,-12.42776027656086
B*39:01,0.03820400724792536,0.1946304479702242,0.06402041343822527,0.3008176638803909
B*39:06,-0.2472379168570855,-0.1568508019547839,-0.2579763854256689,-0.1343608374142628
B*39:10,0.01736723733831708,-0.7863609956970694,0.2309720952268898,-0.7230791860998327
B*40:01,0.04652586659188291,0.02239329018805735,0.1081413106707575,0.07955096473665246
B*40:02,-0.1189625285096793,0.05466759350564171,-0.09651654690715293,0.05364412967853583
B*40:06,-0.0136152763241221,-0.03644323156273425,0.1384210552562048,-0.135752615913974
B*41:01,-0.0009046650980830416,0.07663123650461798,-0.0222806527343391,0.2418150559325309
B*41:02,0.001747759926110264,0.02024595997213301,-0.04438007921954747,-0.02866856134237398
B*42:01,0.2227822418149817,0.2654661326422493,0.1759597768278833,0.1971719356502353
B*44:02,0.04885498669377752,0.0729856608989689,0.0875147501852995,0.136076595676764
B*44:03,0.09060963439445036,0.1682937443882838,0.1458208963314213,0.294845058324623
B*44:05,0.04300364296875903,-0.01422331477072475,0.1711207947759816,0.1241573498945947
B*45:01,0.1095273555317653,-0.1086700487316329,0.0439813852972606,0.1561311483606321
B*47:01,0.0408585068212428,-0.09572988720459379,-0.001849839356018103,0.1644769520067657
B*48:01,-0.2784357654019641,-0.4752397307561481,-0.4716244872550191,0.2276980524098317
B*48:04,0.003217495652844418,-1.531228505658293,0.05343017480590058,1.2966930381484
B*49:01,0.03612412670038471,0.1331500968277301,0.0586997865841554,0.2502257536188884
B*50:01,-0.05630604715150439,0.0335077662698182,-0.02208938389589961,0.1683990278063134
B*50:02,0.110099675455447,-0.4133486429916456,0.2647015001352642,-0.02559709351990657
B*51:01,-0.0407023183891976,-0.1614202089395271,0.01603335648121728,-0.1369498606831369
B*51:06,0.2051902277005576,0.05221889791950095,0.462313575598377,0.03660945439196658
B*51:07,0.09469996009172968,0.1024866166161511,0.02748498330330899,-0.03682111515992764
B*51:08,-0.1493021497224876,-0.2197220542999279,-0.100668479521357,-0.5974464937319983
B*52:01,-0.004412070189530437,-0.03984977557947662,0.03613621290731989,-0.004773119259689224
B*53:01,-0.02722106649428067,-0.1792965212097717,0.03343575637210545,-0.207471873071639
B*55:01,0.0002677106306452483,-0.006689300590876597,0.1203711496098542,0.2078307745386238
B*56:01,-0.1421787636359572,-0.206400136010891,0.05911676743257998,0.1211822757899443
B*57:01,0.02979332783353715,-0.107742459621645,0.0005979852054187707,0.02948913824307402
B*57:02,0.02943192737062742,-0.06996764207335668,-0.5069123054852477,-14.835980448036
B*57:03,-0.074946888545775,-0.06634613845733311,0.05049521924100562,0.3273751065972101
B*58:01,0.1272026209657717,0.2714098165440146,0.07014634649715673,0.3524718034303549
B*73:01,-0.2129921574125666,-0.7390136278574009,0.04309606119742819,-0.6387232874842376
C*01:02,0.02041623691156025,0.1125347620118324,-0.09028322658453136,-0.2193719882079036
C*02:02,0.03371682428322081,-0.07590264600134305,-0.0199058186957261,-0.1318511523652925
C*02:10,0.2849872992717148,0.5213956961240248,0.1818760294532115,0.218715075819522
C*03:02,0.04781955297311388,-0.1329122720478546,0.03571444950180059,-0.4364824423437176
C*03:03,0.001432715659313839,-0.01646298324705167,-0.07103474775292883,-0.250094696648372
C*03:04,-0.05313585268727493,-0.1639223331166111,-0.05910048664007459,-0.1812151601786205
C*04:01,0.02997731375877067,-0.0316166939452133,0.02525884256534537,-0.1876398364928157
C*04:03,0.1515987831475876,0.4208170275453634,0.08887139414175868,0.8693700660363181
C*04:07,0.03374855892582934,-0.1693839681041918,0.3231456975296095,-0.08179094676348478
C*05:01,0.1188356898519976,0.07247338344570375,0.1528367930197215,-0.0344736861349562
C*06:02,0.03191814016467429,0.1102594340974496,0.0734549497399032,0.01704461641490515
C*07:01,0.04574837995584644,-0.03280926498769003,0.08831193086696272,-0.09200165907004464
C*07:02,0.007329007021495085,-0.02853294362575165,0.06878978908141391,-0.0971948175710686
C*07:04,-0.01254557616470317,-0.02628931311804216,-0.05780386480113502,-0.03693738194766153
C*08:01,0.1953850746689553,0.659612019737805,0.5081704401854883,-2.254383613529027
C*08:02,0.02021371331013646,0.584062743179837,0.230336265126647,0.2879667263213155
C*08:03,0.2160053164992382,0.6063157613677905,0.2500232813845014,0.1685068270840012
C*12:02,0.006997984791512333,0.03448460322271928,-0.002709170143015905,-0.07580360568563849
C*12:03,0.007094922420915429,0.02033756550673241,0.01116065031207376,-0.05536598600154297
C*14:02,0.0607757088124047,0.04760380151825387,-0.00871061447807839,0.1238819341768517
C*14:03,-0.01577606601190498,0.03018226980327646,-0.1322497646123799,0.0326673507798709
C*15:02,0.1041778787711715,0.1849382981164401,0.1160461845641858,0.1951341179812312
C*15:04,-0.009939820104915812,0.2198641175065679,-0.2267071238788931,0.1240479471196169
C*15:05,0.05868574297160625,0.2537599390345552,-0.006900712182840004,0.1198949101891744
C*16:01,0.06002542510985881,-0.02847746081718252,0.008893091729014181,-0.09516313171473927
C*16:02,0.02956420734676574,-0.00151648677564591,-0.03087786648720289,0.1234361278290997
C*16:04,0.006928873374409848,-0.01468577191103054,0.01515046357269094,-0.1117008233385166
C*17:01,0.07322884343634568,0.02898941030290407,0.1409796198171209,-0.01422137562643836
C*18:01,-0.1707978021009184,-0.0002981534112238455,0.5937201506512738,-6.368530106331812
DQB1*02:01,-0.003682929337992154,-0.1720374554120638,0.005822062889524138,-0.2784906355803555
DQB1*02:02,-0.1204556832620505,-0.3511635345790634,-0.09506956019476243,-0.4411851824139213
DQB1*03:01,0.04984645299700902,0.03610827000216901,8.172295093452164e-05,0.1403666445812927
DQB1*03:02,0.002201312944919374,0.007277363069864756,0.02324188886547445,0.1923733489046383
DQB1*03:03,-0.01641343285610023,0.03401071970238578,0.008660183189542378,-0.1181725649614206
DQB1*03:04,0.08173122772931031,0.3268408264720928,0.1311802306062177,0.3802220222509442
DQB1*03:05,-0.006456718434089528,0.04914303397492549,0.01277071347094719,0.1693188025404779
DQB1*04:01,-0.0977463033833298,-0.2611546999734753,-0.1396025301911921,0.31443632317096
DQB1*04:02,0.05072404202026019,0.206129494609894,0.08975494627278092,0.06165677207232007
DQB1*05:01,0.01221819643450746,-0.08083128317076463,-0.0505261696339614,-0.06684323302382911
DQB1*05:02,0.02094847668644473,-0.03015550412370106,-0.03815589326852858,-0.05257924187951444
DQB1*05:03,0.06728800753219902,0.1203484019204233,-0.008440271965003035,0.2358539002794256
DQB1*06:01,-0.03172951874296523,0.1151880922799546,-0.02951822567803455,0.09502422199510557
DQB1*06:02,0.07139631895656513,0.02211073566473254,0.0627469248806647,-0.2324819739174721
DQB1*06:03,0.03767389945544374,0.0205203464778354,0.02213026492564633,-0.008342328445353236
DQB1*06:04,0.08552332860147904,0.1688991247384957,-0.03904301804332958,0.09974875550875299
DQB1*06:09,0.03901230312707738,0.190963658163311,-0.06879714645182829,0.08904866715421914
DRB1*01:01,0.02549786758010879,0.2346056903083899,0.03533137659583978,0.1023511498124548
DRB1*01:02,-0.01960926866669197,0.2711578988270422,0.07060779261193813,0.100630313022178
DRB1*01:03,0.04791630457494571,0.0559354269823264,0.1454909347208122,0.03169716571682597
DRB1*03:01,0.2034870268660518,0.4237050684134804,0.2293751626439886,0.502372461250887
DRB1*04:01,0.1089236640135139,0.147924709124316,0.1522524954649783,0.05201165943773309
DRB1*04:02,0.1309320691192005,0.1997030054696576,0.1138337711975296,-0.02847435844633173
DRB1*04:03,-0.009508807240793546,-0.1200897235606305,0.0008730970364904044,-0.1914643433018054
DRB1*04:04,0.1180502421621659,0.1364331831445526,0.07438990069486812,0.05616823599186738
DRB1*04:05,0.1724576146077537,0.1253119682165257,0.1169271953840819,0.09177019038311283
DRB1*04:06,-0.1357499298633685,-0.13594372031116,-0.3178535697096118,-0.4030756277439595
DRB1*04:07,0.190114226523313,0.3649898137537756,0.2716603404995621,0.1297665855192517
DRB1*04:08,0.02291559528337479,-0.09651952641813626,0.0722197497900498,-0.3213794031649461
DRB1*07:01,0.117274552023064,0.2838492142426112,0.1341974610013099,0.3459821506895541
DRB1*08:01,0.04107593754825545,-0.150696167223126,0.002716249367173541,0.02780876197097754
DRB1*08:02,0.2361282789168165,0.2702608572995465,0.405862408752472,0.6291382635495402
DRB1*08:03,0.0004802328091468771,-0.412421653475106,0.1351632089466194,-1.62472037014021
DRB1*08:04,-0.08718949302241287,-0.4669701233289446,-0.005307742650900087,-0.5639718571258608
DRB1*09:01,0.1529459335303606,0.06115802361607302,0.06710695470481735,0.1003151350908344
DRB1*10:01,0.1507801817436924,0.291481826618937,0.1374508826414705,0.305432663299233
DRB1*11:01,0.1555736332438185,0.343250139860641,0.2054098497018718,0.2446703096018817
DRB1*11:02,-0.07622727700849723,0.1619297045681067,0.1464041636002776,0.08245799646418137
DRB1*11:03,0.1324670557280319,0.1794507135397178,0.1583725419473854,0.2238031492051331
DRB1*11:04,0.101516876295771,0.1705284500257109,0.1353426778939565,0.01463808010868243
DRB1*12:01,0.08295543053686945,0.09079742010006514,0.05354908623158104,0.02136163917561105
DRB1*12:02,-0.1177136931944337,0.3487585548667221,-0.2745292823413175,0.5483110747773563
DRB1*13:01,-0.04233148060962891,0.01465968151528414,-0.04046733692850694,0.1032171589971336
DRB1*13:02,-0.05164587665203635,-0.1707221079029852,0.07427509515852994,-0.1501183363269066
DRB1*13:03,0.01780828107583828,0.1484544591099987,0.1268385256680195,0.08979912535093454
DRB1*13:05,-0.04635151061768236,0.09481308576786696,-0.003452497310634803,-0.04524623795619964
DRB1*14:01,-0.08590198959523387,-0.1946665838107236,-0.06453985689624686,-0.3471991634852613
DRB1*14:04,-0.05368998837329873,-0.227024419445674,-0.2401846386567827,-0.604713203952861
DRB1*14:06,0.2222500014487108,-0.1712085781241152,0.398020450769929,-0.3318636864209029
DRB1*15:01,-0.03210269370199232,0.1167504468068575,-0.06358360261707346,0.25420727300928
DRB1*15:02,-0.01799248241766084,-0.1929603962522004,-0.0002921584550123317,-0.1244138453249341
DRB1*15:03,-0.3961288605173218,-0.1800483775411643,-0.5760090437924631,0.138738313293408
DRB1*16:01,-0.03959046947970785,0.2440931480273699,0.02148302326849871,0.3056163542658435
DRB1*16:02,0.03719651145992993,-0.1210568768276695,0.1668679371644211,-0.01672668129008129
const,-2.825606351247497,-4.457886717434079,-2.859350772916001,-4.445450444009601
MIN,-0.369515117106396,-0.4263952075129417,-0.4007981917305576,-0.4159988530491373
Age_BMI,0.1803302391085156,0.1220874153266364,0.1684513926086811,0.1262071561671596
Birth_year,-0.2776388087758738,-0.1416282021744054,-0.197071219081792,-0.1634543458035639
Year_BMI,0.1580642048671168,0.1846405277169408,0.08943140048791179,0.1441828116642099
dapar_3gr,0.03261704308970865,0.1252971401033811,0.03313207889851585,0.1000237971842785
Educ_GE11YN,0.01965024322031027,0.03885014304612971,0.02408393423508231,0.05343048134128309
Israeli,0.4169311010631339,0.2158450765485131,0.2842214753952074,0.1398238065477039
Eshkol_3gr,0.1076460909505995,0.1572321272482821,0.1221458643565815,0.1627886259688441
