,all_pvalues,all_coefs,ashkenazim_pvalues,ashkenazim_coefs
A*02:02,0.0111294732482168,-0.0752910799741282,,
A*02:03,0.0408049029401144,-0.3590644587384166,0.0050204614252812,-1.166593548269162
A*03:01,,,0.0270302161799074,0.0793421965828238
A*25:01,0.0001975417620913,0.1319987723201521,0.0001558054748768,0.1881984094111676
A*30:01,0.0436690078346668,0.0548306124015157,,
A*31:01,0.009674067782549,0.1005496912461233,,
A*32:01,0.0174388865165049,0.05980132991492,0.0355140257787892,0.0799098614388102
A*33:03,,,0.0307047001260646,0.1644834027801808
A*68:01,0.0015519356686266,-0.1070883088282883,,
A*68:02,0.0174199219958333,-0.0676085848439915,,
B*15:01,,,0.0396997362294195,0.1449097097865149
B*15:03,,,0.0308328926658497,0.2174029611994114
B*15:18,0.0119789239904988,0.356595540382624,0.0046016693465386,0.5653428150162791
B*18:01,0.0172444928951873,-0.0741000073678651,,
B*27:02,0.0018343630736387,0.1625685040239135,0.001688911476457,0.2472296917853933
B*35:08,0.0022851937931017,-0.0970995281427395,,
B*37:01,0.0074356750385907,-0.1362193719437467,0.049759725832142,-0.1495958579587702
B*38:01,0.0394609308223577,0.0706307770221232,0.0046411014399142,0.1447137486036613
B*38:02,0.0173259081155458,0.4000184180384705,0.0089812165459342,0.7677716150598113
B*39:06,0.0105170106353401,-0.2329301111525736,,
B*42:01,0.0404087196003568,0.2318651896087816,,
B*44:03,0.0008340828615719,0.1030973245301857,0.000281326909338,0.1717054231699343
B*51:06,0.0073224563169485,0.1830331017419707,0.0003273840454018,0.3907279516064456
B*51:08,0.0095568170034775,-0.1600350006236552,,
B*58:01,0.0002914148442481,0.1500958127526826,,
B*73:01,0.0068912559876777,-0.2904850807470716,,
C*02:10,0.0023685791637359,0.3193732907595939,,
C*05:01,0.0019225307898122,0.1114535343458107,0.0209714210424919,0.1197495252082732
C*15:02,0.0024086201535469,0.1166971842902607,0.0346622400411517,0.12760108667673
DQB1*02:02,7.170579113118018e-05,-0.1581853588073642,0.0071338358024046,-0.1548972487015146
DQB1*03:01,0.0341272936217102,0.0473154073976622,,
DRB1*03:01,2.0102995861291592e-13,0.2376520099866767,8.525194848127578e-08,0.2763771452501725
DRB1*04:01,0.01096830919218,0.1155249924627882,0.0407543063924303,0.1348431336280922
DRB1*04:02,3.835168967235139e-05,0.1430495760075897,,
DRB1*04:04,0.0057165636500043,0.123147425945477,,
DRB1*04:05,2.146044888905489e-05,0.1675145219130065,,
DRB1*04:06,,,0.028802240140566,-0.3283012389853847
DRB1*04:07,0.0120059340803737,0.2190579576262772,0.0481252011141485,0.2485793431401011
DRB1*07:01,4.772585465968413e-06,0.1431437317452826,0.0005740032931242,0.170086709368181
DRB1*08:04,0.0419088375074408,-0.1347101646366699,,
DRB1*10:01,0.0001436059300522,0.1736505082464115,0.019048788440206,0.1689649293093484
DRB1*11:01,1.688920195650876e-11,0.1884102646379622,2.493265885918962e-07,0.2139852211105503
DRB1*11:03,0.0225595943108777,0.1397072703609522,0.0483340223288429,0.169697447982368
DRB1*11:04,2.717563361768951e-05,0.1125283636560969,0.0044904396370076,0.1136891561385113
DRB1*12:01,0.0154104236547341,0.083972866919322,,
DRB1*13:03,,,0.019618572317929,0.1198630389229245
DRB1*14:04,,,0.0196363302314304,-0.2972121466289122
DRB1*15:03,0.0007004723579776,-0.3627667881790631,,
count,41.0,41.0,28.0,28.0
