,coef,pvalue,low_CI,high_CI
A*01:01,0.0151,0.544,-0.034,0.064
A*01:03,-0.1105,0.067,-0.229,0.008
A*02:01,-0.0143,0.572,-0.064,0.035
A*02:02,-0.0842,0.017,-0.154,-0.015
A*02:03,-0.7083,0.003,-1.168,-0.249
A*02:05,-0.0165,0.646,-0.087,0.054
A*02:06,-0.168,0.231,-0.443,0.107
A*02:17,0.0475,0.391,-0.061,0.156
A*03:01,0.0425,0.135,-0.013,0.098
A*03:02,0.0083,0.767,-0.046,0.063
A*11:01,0.033,0.24,-0.022,0.088
A*23:01,0.0153,0.63,-0.047,0.077
A*24:02,0.0242,0.341,-0.026,0.074
A*24:03,0.0404,0.424,-0.059,0.139
A*24:04,0.0595,0.478,-0.105,0.224
A*24:07,0.1334,0.047,0.002,0.265
A*24:17,0.1075,0.115,-0.026,0.241
A*25:01,0.1439,0.001,0.061,0.227
A*26:01,-0.0201,0.476,-0.075,0.035
A*29:01,0.0581,0.094,-0.01,0.126
A*29:02,-0.026,0.584,-0.119,0.067
A*30:01,0.0416,0.204,-0.023,0.106
A*30:02,-0.0596,0.114,-0.133,0.014
A*30:04,0.0205,0.753,-0.107,0.148
A*31:01,0.1245,0.006,0.036,0.213
A*31:08,-0.0059,0.932,-0.14,0.128
A*32:01,0.0609,0.043,0.002,0.12
A*33:01,0.0055,0.873,-0.062,0.073
A*33:03,0.1235,0.036,0.008,0.239
A*34:02,-0.1398,0.294,-0.401,0.122
A*66:01,0.0091,0.838,-0.078,0.096
A*68:01,-0.1124,0.005,-0.191,-0.034
A*68:02,-0.0467,0.172,-0.114,0.02
A*69:01,0.0247,0.606,-0.069,0.119
A*74:01,0.0226,0.849,-0.209,0.255
A*74:03,-0.2428,0.244,-0.652,0.166
A*80:01,0.0128,0.936,-0.3,0.325
B*07:02,-0.0162,0.734,-0.11,0.077
B*07:05,0.0075,0.933,-0.166,0.181
B*08:01,0.0586,0.165,-0.024,0.141
B*13:01,0.0453,0.797,-0.299,0.39
B*13:02,0.0715,0.097,-0.013,0.156
B*14:01,-0.1195,0.442,-0.424,0.185
B*14:02,-0.0152,0.907,-0.268,0.238
B*15:01,0.077,0.168,-0.033,0.187
B*15:03,-0.0044,0.947,-0.134,0.125
B*15:10,-0.1432,0.411,-0.485,0.198
B*15:16,-0.101,0.526,-0.413,0.211
B*15:17,0.054,0.239,-0.036,0.144
B*15:18,0.2682,0.116,-0.066,0.603
B*15:24,0.0469,0.819,-0.354,0.448
B*15:29,0.1957,0.301,-0.175,0.567
B*18:01,-0.0687,0.065,-0.142,0.004
B*27:02,0.2181,0.001,0.095,0.342
B*27:05,0.0304,0.669,-0.109,0.17
B*27:07,0.1868,0.038,0.01,0.363
B*27:12,-0.1733,0.415,-0.59,0.244
B*35:01,-0.0158,0.685,-0.092,0.061
B*35:02,-0.0067,0.866,-0.085,0.071
B*35:03,-0.0413,0.412,-0.14,0.057
B*35:08,-0.0757,0.047,-0.15,-0.001
B*37:01,-0.1398,0.022,-0.259,-0.02
B*37:02,0.2436,0.11,-0.055,0.543
B*38:01,0.084,0.041,0.003,0.165
B*38:02,0.5766,0.005,0.176,0.977
B*39:01,0.1026,0.132,-0.031,0.236
B*39:06,-0.1678,0.119,-0.378,0.043
B*39:10,-0.0713,0.668,-0.397,0.255
B*40:01,0.0907,0.179,-0.042,0.223
B*40:02,-0.0832,0.238,-0.221,0.055
B*40:06,0.0451,0.651,-0.15,0.24
B*41:01,0.0248,0.67,-0.089,0.139
B*41:02,-0.0052,0.939,-0.138,0.128
B*42:01,0.2541,0.058,-0.009,0.517
B*44:02,0.0687,0.137,-0.022,0.159
B*44:03,0.1425,0.0,0.07,0.215
B*44:05,0.1582,0.072,-0.014,0.331
B*45:01,0.0646,0.413,-0.09,0.219
B*47:01,-0.055,0.612,-0.268,0.158
B*48:01,-0.4642,0.138,-1.077,0.149
B*48:04,-0.039,0.885,-0.565,0.487
B*49:01,0.0611,0.133,-0.019,0.141
B*50:01,-0.0669,0.147,-0.157,0.024
B*50:02,0.0441,0.652,-0.148,0.236
B*51:01,-0.0475,0.293,-0.136,0.041
B*51:06,0.1623,0.047,0.002,0.322
B*51:07,0.0734,0.543,-0.163,0.309
B*51:08,-0.1168,0.11,-0.26,0.027
B*52:01,0.0149,0.815,-0.11,0.14
B*53:01,-0.0372,0.421,-0.128,0.053
B*55:01,0.0587,0.317,-0.056,0.174
B*56:01,-0.0786,0.411,-0.266,0.109
B*57:01,-0.0294,0.532,-0.122,0.063
B*57:02,0.1302,0.565,-0.313,0.574
B*57:03,-0.056,0.576,-0.252,0.14
B*58:01,0.1751,0.0,0.078,0.272
B*73:01,-0.2615,0.045,-0.518,-0.005
C*01:02,-0.0579,0.289,-0.165,0.049
C*02:02,-0.034,0.442,-0.121,0.053
C*02:10,0.186,0.144,-0.064,0.436
C*03:02,0.0215,0.72,-0.096,0.139
C*03:03,-0.0766,0.159,-0.183,0.03
C*03:04,-0.1409,0.022,-0.261,-0.021
C*04:01,-0.0104,0.729,-0.069,0.048
C*04:03,0.0493,0.818,-0.371,0.47
C*04:07,0.1117,0.185,-0.054,0.277
C*05:01,0.1277,0.003,0.044,0.212
C*06:02,0.0324,0.351,-0.036,0.101
C*07:01,0.0172,0.57,-0.042,0.077
C*07:02,-0.0537,0.168,-0.13,0.023
C*07:04,-0.0249,0.686,-0.146,0.096
C*08:01,0.1942,0.286,-0.163,0.551
C*08:02,0.0681,0.595,-0.183,0.32
C*08:03,0.5669,0.088,-0.085,1.219
C*12:02,-0.018,0.755,-0.131,0.095
C*12:03,-0.0125,0.713,-0.079,0.054
C*14:02,0.0514,0.386,-0.065,0.168
C*14:03,-0.125,0.202,-0.317,0.067
C*15:02,0.1048,0.024,0.014,0.196
C*15:04,0.0162,0.844,-0.144,0.177
C*15:05,-0.0152,0.863,-0.187,0.157
C*16:01,0.0132,0.788,-0.083,0.11
C*16:02,0.0049,0.941,-0.124,0.134
C*16:04,-0.0317,0.473,-0.118,0.055
C*17:01,0.0569,0.319,-0.055,0.169
C*18:01,-0.2732,0.226,-0.716,0.169
DQB1*02:01,-0.0435,0.188,-0.108,0.021
DQB1*02:02,-0.2103,0.0,-0.302,-0.118
DQB1*03:01,0.0188,0.48,-0.033,0.071
DQB1*03:02,0.0174,0.616,-0.051,0.085
DQB1*03:03,-0.0113,0.824,-0.111,0.089
DQB1*03:04,0.071,0.413,-0.099,0.241
DQB1*03:05,0.0247,0.619,-0.073,0.122
DQB1*04:01,-0.1235,0.393,-0.407,0.16
DQB1*04:02,0.0466,0.453,-0.075,0.168
DQB1*05:01,-0.017,0.73,-0.113,0.079
DQB1*05:02,-0.0045,0.953,-0.154,0.146
DQB1*05:03,0.0174,0.805,-0.12,0.155
DQB1*06:01,-0.0342,0.645,-0.18,0.111
DQB1*06:02,0.0191,0.775,-0.112,0.151
DQB1*06:03,-0.0136,0.758,-0.101,0.073
DQB1*06:04,0.1724,0.008,0.045,0.3
DQB1*06:09,0.0952,0.171,-0.041,0.232
DRB1*01:01,0.0601,0.332,-0.061,0.182
DRB1*01:02,0.0332,0.544,-0.074,0.14
DRB1*01:03,0.0512,0.563,-0.122,0.225
DRB1*03:01,0.2404,0.0,0.165,0.316
DRB1*04:01,0.151,0.005,0.046,0.257
DRB1*04:02,0.1408,0.001,0.06,0.222
DRB1*04:03,-0.0127,0.764,-0.095,0.07
DRB1*04:04,0.1193,0.024,0.016,0.223
DRB1*04:05,0.1618,0.001,0.07,0.254
DRB1*04:06,-0.1132,0.274,-0.316,0.089
DRB1*04:07,0.3245,0.001,0.127,0.522
DRB1*04:08,-0.0017,0.988,-0.225,0.221
DRB1*07:01,0.1641,0.0,0.091,0.237
DRB1*08:01,0.0202,0.809,-0.143,0.184
DRB1*08:02,0.1522,0.444,-0.238,0.542
DRB1*08:03,-0.0094,0.934,-0.232,0.214
DRB1*08:04,-0.1551,0.05,-0.31,-0.0
DRB1*09:01,0.1767,0.031,0.016,0.337
DRB1*10:01,0.1946,0.0,0.088,0.301
DRB1*11:01,0.212,0.0,0.147,0.277
DRB1*11:02,-0.0646,0.607,-0.311,0.182
DRB1*11:03,0.1287,0.075,-0.013,0.271
DRB1*11:04,0.1359,0.0,0.073,0.199
DRB1*12:01,0.1064,0.011,0.025,0.188
DRB1*12:02,-0.0664,0.624,-0.331,0.199
DRB1*13:01,0.0087,0.87,-0.095,0.113
DRB1*13:02,-0.1346,0.037,-0.261,-0.008
DRB1*13:03,0.0595,0.142,-0.02,0.139
DRB1*13:05,0.0003,0.995,-0.089,0.09
DRB1*14:01,-0.0331,0.645,-0.174,0.108
DRB1*14:04,-0.0412,0.637,-0.212,0.13
DRB1*14:06,0.158,0.247,-0.11,0.426
DRB1*15:01,0.0639,0.336,-0.066,0.194
DRB1*15:02,-0.0424,0.586,-0.195,0.11
DRB1*15:03,-0.3055,0.013,-0.546,-0.065
DRB1*16:01,0.0164,0.84,-0.142,0.175
DRB1*16:02,0.0174,0.876,-0.202,0.237
